,ID,trial,system_time,launch_ori,launch_speed,true_pos,straight_pos,click_pos,prediction_error,score,reaction_time,ID_Index
0,1,1,2024-04-20 10:04:02,0,267.22222222222223,"[324.47916666666663, -96.3274506722065]","[324.47916666666663, -63.0]","[327, -66]",30.4320368192726,94,1744,1 2024-04-20 10_03_57
1,1,2,2024-04-20 10:04:05,90,267.22222222222223,"[94.00000000000004, -293.47916666666663]","[94.00000000000001, 167.47916666666666]","[86, 172]",465.5479079543741,60,972,1 2024-04-20 10_03_57
2,1,3,2024-04-20 10:04:09,270,534.4444444444445,"[93.99999999999996, -293.47916666666663]","[93.99999999999996, -293.47916666666663]","[97, -298]",5.425673601293979,99,1032,1 2024-04-20 10_03_57
3,1,4,2024-04-20 10:04:13,45,534.4444444444445,"[324.47916666666663, 137.3721814692579]","[324.47916666666663, 167.47916666666666]","[310, 164]",30.309849670812333,94,1788,1 2024-04-20 10_03_57
4,1,5,2024-04-20 10:04:17,225,534.4444444444445,"[-114.82905249449112, -293.47916666666663]","[-136.47916666666666, -293.4791666666666]","[-135, -246]",51.5862228761818,91,1357,1 2024-04-20 10_03_57
5,1,6,2024-04-20 10:04:20,0,267.22222222222223,"[324.47916666666663, -96.3274506722065]","[324.47916666666663, -63.0]","[323, -69]",27.367453192974622,95,902,1 2024-04-20 10_03_57
6,1,7,2024-04-20 10:04:23,270,267.22222222222223,"[93.99999999999996, -293.47916666666663]","[93.99999999999996, -293.47916666666663]","[90, -292]",4.2647314133222185,99,868,1 2024-04-20 10_03_57
7,1,8,2024-04-20 10:04:27,180,267.22222222222223,"[-136.47916666666666, -96.32745067220647]","[-136.47916666666666, -62.99999999999997]","[-140, -62]",34.507537394225615,94,1006,1 2024-04-20 10_03_57
8,1,9,2024-04-20 10:04:30,45,267.22222222222223,"[324.47916666666663, 47.0512258770316]","[324.47916666666663, 167.47916666666666]","[299, 164]",119.69212047120251,80,1230,1 2024-04-20 10_03_57
9,1,10,2024-04-20 10:04:34,270,267.22222222222223,"[93.99999999999996, -293.47916666666663]","[93.99999999999996, -293.47916666666663]","[98, -300]",7.649919434942563,98,783,1 2024-04-20 10_03_57
10,1,11,2024-04-20 10:04:36,180,267.22222222222223,"[-136.47916666666666, -96.32745067220647]","[-136.47916666666666, -62.99999999999997]","[-142, -61]",35.75623542393167,94,821,1 2024-04-20 10_03_57
11,1,12,2024-04-20 10:04:40,180,534.4444444444445,"[-136.47916666666666, -71.3318626680516]","[-136.47916666666666, -62.99999999999997]","[-140, -68]",4.8474298550744495,99,1213,1 2024-04-20 10_03_57
12,1,13,2024-04-20 10:04:43,315,534.4444444444445,"[302.82905249449095, -293.47916666666663]","[324.4791666666665, -293.47916666666663]","[309, -295]",6.355590227785791,98,1173,1 2024-04-20 10_03_57
13,1,14,2024-04-20 10:04:48,225,267.22222222222223,"[-86.13604909950897, -293.47916666666663]","[-136.47916666666666, -293.4791666666666]","[-116, -299]",30.36997142049008,94,2165,1 2024-04-20 10_03_57
14,1,15,2024-04-20 10:04:52,315,534.4444444444445,"[302.82905249449095, -293.47916666666663]","[324.4791666666665, -293.47916666666663]","[307, -295]",4.439564969846712,99,1064,1 2024-04-20 10_03_57
15,1,16,2024-04-20 10:04:55,315,267.22222222222223,"[274.13604909950885, -293.47916666666663]","[324.4791666666665, -293.47916666666663]","[289, -294]",14.873073109929996,97,1184,1 2024-04-20 10_03_57
16,1,17,2024-04-20 10:05:01,135,267.22222222222223,"[-136.47916666666666, 47.05122587703157]","[-136.47916666666663, 167.47916666666666]","[-136, 84]",36.95188100604062,93,2303,1 2024-04-20 10_03_57
17,1,18,2024-04-20 10:05:04,225,267.22222222222223,"[-86.13604909950897, -293.47916666666663]","[-136.47916666666666, -293.4791666666666]","[-140, -284]",54.69167950707816,90,1333,1 2024-04-20 10_03_57
18,1,19,2024-04-20 10:05:08,90,267.22222222222223,"[94.00000000000004, -293.47916666666663]","[94.00000000000001, 167.47916666666666]","[91, 166]",459.48896025986784,60,1248,1 2024-04-20 10_03_57
19,1,20,2024-04-20 10:05:12,90,534.4444444444445,"[94.00000000000001, 167.47916666666666]","[94.00000000000001, 167.47916666666666]","[95, 166]",1.785478655088803,99,1253,1 2024-04-20 10_03_57
20,1,21,2024-04-20 10:05:15,270,534.4444444444445,"[93.99999999999996, -293.47916666666663]","[93.99999999999996, -293.47916666666663]","[90, -291]",4.705982082531826,99,894,1 2024-04-20 10_03_57
21,1,22,2024-04-20 10:05:19,45,534.4444444444445,"[324.47916666666663, 137.3721814692579]","[324.47916666666663, 167.47916666666666]","[320, 127]",11.298012323368846,98,1856,1 2024-04-20 10_03_57
22,1,23,2024-04-20 10:05:23,180,267.22222222222223,"[-136.47916666666666, -96.32745067220647]","[-136.47916666666666, -62.99999999999997]","[-140, -58]",38.48882620178915,93,1102,1 2024-04-20 10_03_57
23,1,24,2024-04-20 10:05:29,135,267.22222222222223,"[-136.47916666666666, 47.05122587703157]","[-136.47916666666663, 167.47916666666666]","[-144, -98]",145.24607072983906,75,2864,1 2024-04-20 10_03_57
24,1,25,2024-04-20 10:05:33,225,267.22222222222223,"[-86.13604909950897, -293.47916666666663]","[-136.47916666666666, -293.4791666666666]","[-96, -292]",9.974239890591942,98,1413,1 2024-04-20 10_03_57
25,1,26,2024-04-20 10:05:37,0,267.22222222222223,"[324.47916666666663, -96.3274506722065]","[324.47916666666663, -63.0]","[324, -72]",24.332169177923383,95,1776,1 2024-04-20 10_03_57
26,1,27,2024-04-20 10:05:41,135,267.22222222222223,"[-136.47916666666666, 47.05122587703157]","[-136.47916666666663, 167.47916666666666]","[-136, 61]",13.957001835209384,97,1218,1 2024-04-20 10_03_57
27,1,28,2024-04-20 10:05:45,270,267.22222222222223,"[93.99999999999996, -293.47916666666663]","[93.99999999999996, -293.47916666666663]","[92, -295]",2.5125552785516425,99,1842,1 2024-04-20 10_03_57
28,1,29,2024-04-20 10:05:48,270,534.4444444444445,"[93.99999999999996, -293.47916666666663]","[93.99999999999996, -293.47916666666663]","[95, -289]",4.589437223427021,99,777,1 2024-04-20 10_03_57
29,1,30,2024-04-20 10:05:52,315,267.22222222222223,"[274.13604909950885, -293.47916666666663]","[324.4791666666665, -293.47916666666663]","[250, -295]",24.18391614610173,95,1022,1 2024-04-20 10_03_57
30,1,31,2024-04-20 10:05:54,0,534.4444444444445,"[324.47916666666663, -71.33186266805163]","[324.47916666666663, -63.0]","[320, -62]",10.351163938570052,98,868,1 2024-04-20 10_03_57
31,1,32,2024-04-20 10:05:57,225,534.4444444444445,"[-114.82905249449112, -293.47916666666663]","[-136.47916666666666, -293.4791666666666]","[-116, -298]",4.670016283530025,99,1127,1 2024-04-20 10_03_57
32,1,33,2024-04-20 10:06:00,180,534.4444444444445,"[-136.47916666666666, -71.3318626680516]","[-136.47916666666666, -62.99999999999997]","[-140, -62]",9.9739625132886,98,815,1 2024-04-20 10_03_57
33,1,34,2024-04-20 10:06:04,135,534.4444444444445,"[-136.47916666666666, 137.3721814692579]","[-136.47916666666663, 167.47916666666666]","[-125, 163]",28.081245520912336,95,1605,1 2024-04-20 10_03_57
34,1,35,2024-04-20 10:06:08,90,267.22222222222223,"[94.00000000000004, -293.47916666666663]","[94.00000000000001, 167.47916666666666]","[119, -286]",26.094787487691388,95,1858,1 2024-04-20 10_03_57
35,1,36,2024-04-20 10:06:12,0,534.4444444444445,"[324.47916666666663, -71.33186266805163]","[324.47916666666663, -63.0]","[323, -69]",2.761433962714032,99,1328,1 2024-04-20 10_03_57
36,1,37,2024-04-20 10:06:15,315,267.22222222222223,"[274.13604909950885, -293.47916666666663]","[324.4791666666665, -293.47916666666663]","[247, -296]",27.25288537798153,95,1233,1 2024-04-20 10_03_57
37,1,38,2024-04-20 10:06:18,225,534.4444444444445,"[-114.82905249449112, -293.47916666666663]","[-136.47916666666666, -293.4791666666666]","[-108, -302]",10.919732536420502,98,1551,1 2024-04-20 10_03_57
38,1,39,2024-04-20 10:06:21,90,534.4444444444445,"[94.00000000000001, 167.47916666666666]","[94.00000000000001, 167.47916666666666]","[90, 161]",7.614433708060267,98,1167,1 2024-04-20 10_03_57
39,1,40,2024-04-20 10:06:25,135,534.4444444444445,"[-136.47916666666666, 137.3721814692579]","[-136.47916666666663, 167.47916666666666]","[-134, 141]",4.394011225874015,99,1474,1 2024-04-20 10_03_57
40,1,41,2024-04-20 10:06:28,90,534.4444444444445,"[94.00000000000001, 167.47916666666666]","[94.00000000000001, 167.47916666666666]","[90, 162]",6.783897652611743,98,1311,1 2024-04-20 10_03_57
41,1,42,2024-04-20 10:06:31,45,534.4444444444445,"[324.47916666666663, 137.3721814692579]","[324.47916666666663, 167.47916666666666]","[324, 120]",17.37878849906609,97,1361,1 2024-04-20 10_03_57
42,1,43,2024-04-20 10:06:35,315,534.4444444444445,"[302.82905249449095, -293.47916666666663]","[324.4791666666665, -293.47916666666663]","[306, -298]",5.52203242569909,99,664,1 2024-04-20 10_03_57
43,1,44,2024-04-20 10:06:40,45,267.22222222222223,"[324.47916666666663, 47.0512258770316]","[324.47916666666663, 167.47916666666666]","[319, -208]",255.11007249565367,60,2098,1 2024-04-20 10_03_57
44,1,45,2024-04-20 10:06:43,0,534.4444444444445,"[324.47916666666663, -71.33186266805163]","[324.47916666666663, -63.0]","[328, -63]",9.045230946768788,98,681,1 2024-04-20 10_03_57
45,1,46,2024-04-20 10:06:46,45,267.22222222222223,"[324.47916666666663, 47.0512258770316]","[324.47916666666663, 167.47916666666666]","[261, -295]",347.891715516013,60,1603,1 2024-04-20 10_03_57
46,1,47,2024-04-20 10:06:49,180,534.4444444444445,"[-136.47916666666666, -71.3318626680516]","[-136.47916666666666, -62.99999999999997]","[-134, -66]",5.880053305206797,99,784,1 2024-04-20 10_03_57
47,1,48,2024-04-20 10:06:53,135,534.4444444444445,"[-136.47916666666666, 137.3721814692579]","[-136.47916666666663, 167.47916666666666]","[-117, 162]",31.40011750950849,94,1497,1 2024-04-20 10_03_57
48,1,1,2024-04-20 13:41:13,270,534.4444444444445,"[93.99999999999996, -293.47916666666663]","[93.99999999999996, -293.47916666666663]","[92, -303]",9.72863132003221,98,288,1 2024-04-20 13_41_11
49,1,2,2024-04-20 13:41:16,315,267.22222222222223,"[274.13604909950885, -293.47916666666663]","[324.4791666666665, -293.47916666666663]","[320, -284]",46.8332850961483,92,370,1 2024-04-20 13_41_11
50,1,3,2024-04-20 13:41:18,0,534.4444444444445,"[324.47916666666663, -71.33186266805163]","[324.47916666666663, -63.0]","[315, -57]",17.18304071549432,97,250,1 2024-04-20 13_41_11
51,1,4,2024-04-20 13:41:22,135,267.22222222222223,"[-136.47916666666666, 47.05122587703157]","[-136.47916666666663, 167.47916666666666]","[-127, 167]",120.32274520761791,79,1173,1 2024-04-20 13_41_11
52,1,5,2024-04-20 13:41:24,45,267.22222222222223,"[324.47916666666663, 47.0512258770316]","[324.47916666666663, 167.47916666666666]","[320, 161]",114.03677502523055,81,85,1 2024-04-20 13_41_11
53,1,6,2024-04-20 13:41:27,315,534.4444444444445,"[302.82905249449095, -293.47916666666663]","[324.4791666666665, -293.47916666666663]","[318, -249]",46.99525418141729,92,488,1 2024-04-20 13_41_11
54,1,7,2024-04-20 13:41:30,45,534.4444444444445,"[324.47916666666663, 137.3721814692579]","[324.47916666666663, 167.47916666666666]","[315, 161]",25.458366192985043,95,516,1 2024-04-20 13_41_11
55,1,8,2024-04-20 13:41:33,225,267.22222222222223,"[-86.13604909950897, -293.47916666666663]","[-136.47916666666666, -293.4791666666666]","[-129, -273]",47.50488979211315,92,403,1 2024-04-20 13_41_11
56,1,9,2024-04-20 13:41:35,270,534.4444444444445,"[93.99999999999996, -293.47916666666663]","[93.99999999999996, -293.47916666666663]","[97, -292]",3.3448369209541324,99,268,1 2024-04-20 13_41_11
57,1,10,2024-04-20 13:41:37,135,534.4444444444445,"[-136.47916666666666, 137.3721814692579]","[-136.47916666666663, 167.47916666666666]","[-114, 164]",34.84757744426304,94,382,1 2024-04-20 13_41_11
58,1,11,2024-04-20 13:41:40,0,534.4444444444445,"[324.47916666666663, -71.33186266805163]","[324.47916666666663, -63.0]","[325, -71]",0.6175760613539804,99,297,1 2024-04-20 13_41_11
59,1,12,2024-04-20 13:41:42,0,534.4444444444445,"[324.47916666666663, -71.33186266805163]","[324.47916666666663, -63.0]","[319, -65]",8.373395500522866,98,382,1 2024-04-20 13_41_11
60,1,13,2024-04-20 13:41:45,135,534.4444444444445,"[-136.47916666666666, 137.3721814692579]","[-136.47916666666663, 167.47916666666666]","[-126, 165]",29.5484228140081,95,272,1 2024-04-20 13_41_11
61,1,14,2024-04-20 13:41:48,225,534.4444444444445,"[-114.82905249449112, -293.47916666666663]","[-136.47916666666666, -293.4791666666666]","[-137, -275]",28.86226799796706,95,1004,1 2024-04-20 13_41_11
62,1,15,2024-04-20 13:41:51,225,267.22222222222223,"[-86.13604909950897, -293.47916666666663]","[-136.47916666666666, -293.4791666666666]","[-139, -261]",62.04428718399975,89,351,1 2024-04-20 13_41_11
63,1,16,2024-04-20 13:41:53,135,267.22222222222223,"[-136.47916666666666, 47.05122587703157]","[-136.47916666666663, 167.47916666666666]","[-129, 167]",120.18172218615724,80,403,1 2024-04-20 13_41_11
64,1,17,2024-04-20 13:41:55,180,534.4444444444445,"[-136.47916666666666, -71.3318626680516]","[-136.47916666666666, -62.99999999999997]","[-129, -57]",16.166020585279135,97,203,1 2024-04-20 13_41_11
65,1,18,2024-04-20 13:41:59,225,534.4444444444445,"[-114.82905249449112, -293.47916666666663]","[-136.47916666666666, -293.4791666666666]","[-134, -284]",21.38644030579705,96,1052,1 2024-04-20 13_41_11
66,1,19,2024-04-20 13:42:02,90,534.4444444444445,"[94.00000000000001, 167.47916666666666]","[94.00000000000001, 167.47916666666666]","[91, 168]",3.0448755904160034,99,365,1 2024-04-20 13_41_11
67,1,20,2024-04-20 13:42:04,0,267.22222222222223,"[324.47916666666663, -96.3274506722065]","[324.47916666666663, -63.0]","[332, -50]",46.93394954415732,92,302,1 2024-04-20 13_41_11
68,1,21,2024-04-20 13:42:07,315,534.4444444444445,"[302.82905249449095, -293.47916666666663]","[324.4791666666665, -293.47916666666663]","[322, -277]",25.280193082465967,95,438,1 2024-04-20 13_41_11
69,1,22,2024-04-20 13:42:10,135,267.22222222222223,"[-136.47916666666666, 47.05122587703157]","[-136.47916666666663, 167.47916666666666]","[-122, 166]",119.82677969768726,80,255,1 2024-04-20 13_41_11
70,1,23,2024-04-20 13:42:13,45,534.4444444444445,"[324.47916666666663, 137.3721814692579]","[324.47916666666663, 167.47916666666666]","[315, 159]",23.61391824948065,96,583,1 2024-04-20 13_41_11
71,1,24,2024-04-20 13:42:17,225,267.22222222222223,"[-86.13604909950897, -293.47916666666663]","[-136.47916666666666, -293.4791666666666]","[-122, -291]",35.94953743171033,94,977,1 2024-04-20 13_41_11
72,1,25,2024-04-20 13:42:19,180,534.4444444444445,"[-136.47916666666666, -71.3318626680516]","[-136.47916666666666, -62.99999999999997]","[-130, -57]",15.728378436136872,97,386,1 2024-04-20 13_41_11
73,1,26,2024-04-20 13:42:22,45,267.22222222222223,"[324.47916666666663, 47.0512258770316]","[324.47916666666663, 167.47916666666666]","[315, 153]",106.37197628536484,82,386,1 2024-04-20 13_41_11
74,1,27,2024-04-20 13:42:26,225,534.4444444444445,"[-114.82905249449112, -293.47916666666663]","[-136.47916666666666, -293.4791666666666]","[-136, -272]",30.158972445616502,94,1344,1 2024-04-20 13_41_11
75,1,28,2024-04-20 13:42:29,180,534.4444444444445,"[-136.47916666666666, -71.3318626680516]","[-136.47916666666666, -62.99999999999997]","[-130, -61]",12.19536743546182,97,421,1 2024-04-20 13_41_11
76,1,29,2024-04-20 13:42:32,270,267.22222222222223,"[93.99999999999996, -293.47916666666663]","[93.99999999999996, -293.47916666666663]","[104, -296]",10.312836694840342,98,1499,1 2024-04-20 13_41_11
77,1,30,2024-04-20 13:42:36,180,267.22222222222223,"[-136.47916666666666, -96.32745067220647]","[-136.47916666666666, -62.99999999999997]","[-130, -65]",31.99044804803417,94,634,1 2024-04-20 13_41_11
78,1,31,2024-04-20 13:42:39,180,267.22222222222223,"[-136.47916666666666, -96.32745067220647]","[-136.47916666666666, -62.99999999999997]","[-129, -65]",32.20787325557692,94,699,1 2024-04-20 13_41_11
79,1,32,2024-04-20 13:42:42,90,267.22222222222223,"[94.00000000000004, -293.47916666666663]","[94.00000000000001, 167.47916666666666]","[88, 164]",457.5185110288192,60,549,1 2024-04-20 13_41_11
80,1,33,2024-04-20 13:42:46,90,267.22222222222223,"[94.00000000000004, -293.47916666666663]","[94.00000000000001, 167.47916666666666]","[98, 163]",456.49669177409646,60,589,1 2024-04-20 13_41_11
81,1,34,2024-04-20 13:42:48,0,267.22222222222223,"[324.47916666666663, -96.3274506722065]","[324.47916666666663, -63.0]","[319, -62]",34.761978324224884,94,418,1 2024-04-20 13_41_11
82,1,35,2024-04-20 13:42:52,270,267.22222222222223,"[93.99999999999996, -293.47916666666663]","[93.99999999999996, -293.47916666666663]","[95, -292]",1.7854786550888115,99,1351,1 2024-04-20 13_41_11
83,1,36,2024-04-20 13:42:56,90,267.22222222222223,"[94.00000000000004, -293.47916666666663]","[94.00000000000001, 167.47916666666666]","[99, 163]",456.50654935136953,60,554,1 2024-04-20 13_41_11
84,1,37,2024-04-20 13:42:58,135,534.4444444444445,"[-136.47916666666666, 137.3721814692579]","[-136.47916666666663, 167.47916666666666]","[-89, 160]",52.59552679478842,91,661,1 2024-04-20 13_41_11
85,1,38,2024-04-20 13:43:01,90,534.4444444444445,"[94.00000000000001, 167.47916666666666]","[94.00000000000001, 167.47916666666666]","[82, 168]",12.011297488660892,98,630,1 2024-04-20 13_41_11
86,1,39,2024-04-20 13:43:04,315,267.22222222222223,"[274.13604909950885, -293.47916666666663]","[324.4791666666665, -293.47916666666663]","[322, -238]",73.27274888955921,87,419,1 2024-04-20 13_41_11
87,1,40,2024-04-20 13:43:07,315,534.4444444444445,"[302.82905249449095, -293.47916666666663]","[324.4791666666665, -293.47916666666663]","[318, -268]",29.65376168789868,95,449,1 2024-04-20 13_41_11
88,1,41,2024-04-20 13:43:10,90,534.4444444444445,"[94.00000000000001, 167.47916666666666]","[94.00000000000001, 167.47916666666666]","[66, 167]",28.004099712264367,95,657,1 2024-04-20 13_41_11
89,1,42,2024-04-20 13:43:13,315,267.22222222222223,"[274.13604909950885, -293.47916666666663]","[324.4791666666665, -293.47916666666663]","[324, -288]",50.16407944702766,91,727,1 2024-04-20 13_41_11
90,1,43,2024-04-20 13:43:17,45,267.22222222222223,"[324.47916666666663, 47.0512258770316]","[324.47916666666663, 167.47916666666666]","[315, 153]",106.37197628536484,82,680,1 2024-04-20 13_41_11
91,1,44,2024-04-20 13:43:20,0,267.22222222222223,"[324.47916666666663, -96.3274506722065]","[324.47916666666663, -63.0]","[319, -69]",27.87132626200249,95,1037,1 2024-04-20 13_41_11
92,1,45,2024-04-20 13:43:23,270,534.4444444444445,"[93.99999999999996, -293.47916666666663]","[93.99999999999996, -293.47916666666663]","[67, -289]",27.36901412232044,95,387,1 2024-04-20 13_41_11
93,1,46,2024-04-20 13:43:26,45,534.4444444444445,"[324.47916666666663, 137.3721814692579]","[324.47916666666663, 167.47916666666666]","[304, 167]",36.016716927722534,94,809,1 2024-04-20 13_41_11
94,1,47,2024-04-20 13:43:28,270,267.22222222222223,"[93.99999999999996, -293.47916666666663]","[93.99999999999996, -293.47916666666663]","[77, -294]",17.007976580449235,97,317,1 2024-04-20 13_41_11
95,1,48,2024-04-20 13:43:32,180,267.22222222222223,"[-136.47916666666666, -96.32745067220647]","[-136.47916666666666, -62.99999999999997]","[-139, -32]",64.3768243289431,89,1506,1 2024-04-20 13_41_11
96,1,1,2024-04-20 16:13:55,0,267.22222222222223,"[324.47916666666663, -96.3274506722065]","[324.47916666666663, -63.0]","[327, -69]",27.44347210059842,95,1108,1 2024-04-20 16_13_52
97,1,2,2024-04-20 16:13:59,270,534.4444444444445,"[93.99999999999996, -293.47916666666663]","[93.99999999999996, -293.47916666666663]","[90, -300]",7.649919434942519,98,963,1 2024-04-20 16_13_52
98,1,3,2024-04-20 16:14:02,315,534.4444444444445,"[302.82905249449095, -293.47916666666663]","[324.4791666666665, -293.47916666666663]","[320, -295]",17.238166151442133,97,995,1 2024-04-20 16_13_52
99,1,4,2024-04-20 16:14:06,0,267.22222222222223,"[324.47916666666663, -96.3274506722065]","[324.47916666666663, -63.0]","[327, -59]",37.41247351326097,93,937,1 2024-04-20 16_13_52
100,1,5,2024-04-20 16:14:10,45,267.22222222222223,"[324.47916666666663, 47.0512258770316]","[324.47916666666663, 167.47916666666666]","[325, 168]",120.94989553203402,79,1131,1 2024-04-20 16_13_52
101,1,6,2024-04-20 16:14:13,225,267.22222222222223,"[-86.13604909950897, -293.47916666666663]","[-136.47916666666666, -293.4791666666666]","[-144, -263]",65.40043130216252,89,1259,1 2024-04-20 16_13_52
102,1,7,2024-04-20 16:14:16,135,534.4444444444445,"[-136.47916666666666, 137.3721814692579]","[-136.47916666666663, 167.47916666666666]","[-114, 176]",44.6925194912048,92,1296,1 2024-04-20 16_13_52
103,1,8,2024-04-20 16:14:20,90,534.4444444444445,"[94.00000000000001, 167.47916666666666]","[94.00000000000001, 167.47916666666666]","[91, 166]",3.34483692095412,99,1057,1 2024-04-20 16_13_52
104,1,9,2024-04-20 16:14:24,135,267.22222222222223,"[-136.47916666666666, 47.05122587703157]","[-136.47916666666663, 167.47916666666666]","[-135, 168]",120.9578186636838,79,1337,1 2024-04-20 16_13_52
105,1,10,2024-04-20 16:14:27,225,534.4444444444445,"[-114.82905249449112, -293.47916666666663]","[-136.47916666666666, -293.4791666666666]","[-139, -254]",46.29081230663928,92,1378,1 2024-04-20 16_13_52
106,1,11,2024-04-20 16:14:32,0,534.4444444444445,"[324.47916666666663, -71.33186266805163]","[324.47916666666663, -63.0]","[328, -64]",8.133417334938649,98,2212,1 2024-04-20 16_13_52
107,1,12,2024-04-20 16:14:35,315,267.22222222222223,"[274.13604909950885, -293.47916666666663]","[324.4791666666665, -293.47916666666663]","[322, -260]",58.41072158858397,90,1024,1 2024-04-20 16_13_52
108,1,13,2024-04-20 16:14:39,180,534.4444444444445,"[-136.47916666666666, -71.3318626680516]","[-136.47916666666666, -62.99999999999997]","[-141, -61]",11.27764692740716,98,1027,1 2024-04-20 16_13_52
109,1,14,2024-04-20 16:14:42,270,267.22222222222223,"[93.99999999999996, -293.47916666666663]","[93.99999999999996, -293.47916666666663]","[106, -294]",12.011297488660922,98,768,1 2024-04-20 16_13_52
110,1,15,2024-04-20 16:14:46,225,534.4444444444445,"[-114.82905249449112, -293.47916666666663]","[-136.47916666666666, -293.4791666666666]","[-146, -265]",42.22192442818027,92,1127,1 2024-04-20 16_13_52
111,1,16,2024-04-20 16:14:50,45,267.22222222222223,"[324.47916666666663, 47.0512258770316]","[324.47916666666663, 167.47916666666666]","[298, 168]",123.81337661662386,79,1243,1 2024-04-20 16_13_52
112,1,17,2024-04-20 16:14:53,90,534.4444444444445,"[94.00000000000001, 167.47916666666666]","[94.00000000000001, 167.47916666666666]","[87, 169]",7.16330468623093,98,703,1 2024-04-20 16_13_52
113,1,18,2024-04-20 16:14:57,270,267.22222222222223,"[93.99999999999996, -293.47916666666663]","[93.99999999999996, -293.47916666666663]","[97, -295]",3.36347053321092,99,917,1 2024-04-20 16_13_52
114,1,19,2024-04-20 16:15:00,90,267.22222222222223,"[94.00000000000004, -293.47916666666663]","[94.00000000000001, 167.47916666666666]","[98, 169]",462.4964644196693,60,786,1 2024-04-20 16_13_52
115,1,20,2024-04-20 16:15:03,315,267.22222222222223,"[274.13604909950885, -293.47916666666663]","[324.4791666666665, -293.47916666666663]","[328, -246]",71.80248236636133,88,1127,1 2024-04-20 16_13_52
116,1,21,2024-04-20 16:15:07,135,267.22222222222223,"[-136.47916666666666, 47.05122587703157]","[-136.47916666666663, 167.47916666666666]","[-96, 176]",135.1530587217474,77,1128,1 2024-04-20 16_13_52
117,1,22,2024-04-20 16:15:10,0,534.4444444444445,"[324.47916666666663, -71.33186266805163]","[324.47916666666663, -63.0]","[325, -65]",6.3532473750183085,98,976,1 2024-04-20 16_13_52
118,1,23,2024-04-20 16:15:15,315,534.4444444444445,"[302.82905249449095, -293.47916666666663]","[324.4791666666665, -293.47916666666663]","[291, -290]",12.330088548419544,97,2936,1 2024-04-20 16_13_52
119,1,24,2024-04-20 16:15:19,180,534.4444444444445,"[-136.47916666666666, -71.3318626680516]","[-136.47916666666666, -62.99999999999997]","[-146, -67]",10.45998573306725,98,1374,1 2024-04-20 16_13_52
120,1,25,2024-04-20 16:15:22,315,534.4444444444445,"[302.82905249449095, -293.47916666666663]","[324.4791666666665, -293.47916666666663]","[292, -296]",11.118587078531398,98,1276,1 2024-04-20 16_13_52
121,1,26,2024-04-20 16:15:26,225,534.4444444444445,"[-114.82905249449112, -293.47916666666663]","[-136.47916666666666, -293.4791666666666]","[-100, -298]",15.502862055509349,97,1422,1 2024-04-20 16_13_52
122,1,27,2024-04-20 16:15:29,270,534.4444444444445,"[93.99999999999996, -293.47916666666663]","[93.99999999999996, -293.47916666666663]","[88, -296]",6.508041233308538,98,1261,1 2024-04-20 16_13_52
123,1,28,2024-04-20 16:15:33,225,267.22222222222223,"[-86.13604909950897, -293.47916666666663]","[-136.47916666666666, -293.4791666666666]","[-96, -293]",9.875582416330811,98,1204,1 2024-04-20 16_13_52
124,1,29,2024-04-20 16:15:36,315,267.22222222222223,"[274.13604909950885, -293.47916666666663]","[324.4791666666665, -293.47916666666663]","[291, -291]",17.045207752775767,97,1279,1 2024-04-20 16_13_52
125,1,30,2024-04-20 16:15:39,135,534.4444444444445,"[-136.47916666666666, 137.3721814692579]","[-136.47916666666663, 167.47916666666666]","[-81, 168]",63.371927554555626,89,1109,1 2024-04-20 16_13_52
126,1,31,2024-04-20 16:15:43,270,534.4444444444445,"[93.99999999999996, -293.47916666666663]","[93.99999999999996, -293.47916666666663]","[92, -289]",4.90539845759519,99,1800,1 2024-04-20 16_13_52
127,1,32,2024-04-20 16:15:47,45,534.4444444444445,"[324.47916666666663, 137.3721814692579]","[324.47916666666663, 167.47916666666666]","[325, 134]",3.412165767180354,99,1060,1 2024-04-20 16_13_52
128,1,33,2024-04-20 16:15:51,180,534.4444444444445,"[-136.47916666666666, -71.3318626680516]","[-136.47916666666666, -62.99999999999997]","[-139, -59]",12.58687560747818,97,1160,1 2024-04-20 16_13_52
129,1,34,2024-04-20 16:15:54,90,267.22222222222223,"[94.00000000000004, -293.47916666666663]","[94.00000000000001, 167.47916666666666]","[84, 164]",457.58844820868,60,783,1 2024-04-20 16_13_52
130,1,35,2024-04-20 16:15:58,135,534.4444444444445,"[-136.47916666666666, 137.3721814692579]","[-136.47916666666663, 167.47916666666666]","[-131, 138]",5.515017993502305,99,1139,1 2024-04-20 16_13_52
131,1,36,2024-04-20 16:16:02,90,267.22222222222223,"[94.00000000000004, -293.47916666666663]","[94.00000000000001, 167.47916666666666]","[91, 166]",459.48896025986784,60,902,1 2024-04-20 16_13_52
132,1,37,2024-04-20 16:16:06,90,534.4444444444445,"[94.00000000000001, 167.47916666666666]","[94.00000000000001, 167.47916666666666]","[131, 169]",37.03124267463592,93,1209,1 2024-04-20 16_13_52
133,1,38,2024-04-20 16:16:09,45,534.4444444444445,"[324.47916666666663, 137.3721814692579]","[324.47916666666663, 167.47916666666666]","[333, 127]",13.423365789758616,97,1174,1 2024-04-20 16_13_52
134,1,39,2024-04-20 16:16:12,225,267.22222222222223,"[-86.13604909950897, -293.47916666666663]","[-136.47916666666666, -293.4791666666666]","[-102, -298]",16.495540979336457,97,847,1 2024-04-20 16_13_52
135,1,40,2024-04-20 16:16:16,45,534.4444444444445,"[324.47916666666663, 137.3721814692579]","[324.47916666666663, 167.47916666666666]","[330, 138]",5.55641582335124,99,1033,1 2024-04-20 16_13_52
136,1,41,2024-04-20 16:16:20,45,267.22222222222223,"[324.47916666666663, 47.0512258770316]","[324.47916666666663, 167.47916666666666]","[332, 129]",82.29316201413744,86,1099,1 2024-04-20 16_13_52
137,1,42,2024-04-20 16:16:23,180,267.22222222222223,"[-136.47916666666666, -96.32745067220647]","[-136.47916666666666, -62.99999999999997]","[-144, -59]",38.07757224028056,93,648,1 2024-04-20 16_13_52
138,1,43,2024-04-20 16:16:26,180,267.22222222222223,"[-136.47916666666666, -96.32745067220647]","[-136.47916666666666, -62.99999999999997]","[-136, -65]",31.33111498676633,94,898,1 2024-04-20 16_13_52
139,1,44,2024-04-20 16:16:30,0,534.4444444444445,"[324.47916666666663, -71.33186266805163]","[324.47916666666663, -63.0]","[329, -63]",9.47933908809314,98,1494,1 2024-04-20 16_13_52
140,1,45,2024-04-20 16:16:33,0,267.22222222222223,"[324.47916666666663, -96.3274506722065]","[324.47916666666663, -63.0]","[327, -70]",26.447859262933,95,1045,1 2024-04-20 16_13_52
141,1,46,2024-04-20 16:16:36,270,267.22222222222223,"[93.99999999999996, -293.47916666666663]","[93.99999999999996, -293.47916666666663]","[96, -292]",2.487555834102591,99,781,1 2024-04-20 16_13_52
142,1,47,2024-04-20 16:16:39,135,267.22222222222223,"[-136.47916666666666, 47.05122587703157]","[-136.47916666666663, 167.47916666666666]","[-145, 126]",79.40726374969694,86,982,1 2024-04-20 16_13_52
143,1,48,2024-04-20 16:16:42,180,267.22222222222223,"[-136.47916666666666, -96.32745067220647]","[-136.47916666666666, -62.99999999999997]","[-139, -64]",32.42558662011201,94,714,1 2024-04-20 16_13_52
144,1,1,2024-04-26 19:14:22,225,534.4444444444445,"[-114.82905249449112, -293.47916666666663]","[-136.47916666666666, -293.4791666666666]","[-141, -293]",26.17533369473149,95,820,1 2024-04-26 19_14_19
145,1,2,2024-04-26 19:14:25,45,267.22222222222223,"[324.47916666666663, 47.0512258770316]","[324.47916666666663, 167.47916666666666]","[318, 159]",112.13611206177002,81,503,1 2024-04-26 19_14_19
146,1,3,2024-04-26 19:14:28,90,534.4444444444445,"[94.00000000000001, 167.47916666666666]","[94.00000000000001, 167.47916666666666]","[84, 162]",11.40268684833146,98,786,1 2024-04-26 19_14_19
147,1,4,2024-04-26 19:14:32,90,267.22222222222223,"[94.00000000000004, -293.47916666666663]","[94.00000000000001, 167.47916666666666]","[86, 167]",460.5486542527594,60,601,1 2024-04-26 19_14_19
148,1,5,2024-04-26 19:14:35,45,267.22222222222223,"[324.47916666666663, 47.0512258770316]","[324.47916666666663, 167.47916666666666]","[323, 143]",95.96017501926612,84,1001,1 2024-04-26 19_14_19
149,1,6,2024-04-26 19:14:38,0,267.22222222222223,"[324.47916666666663, -96.3274506722065]","[324.47916666666663, -63.0]","[327, -65]",31.428709268978512,94,517,1 2024-04-26 19_14_19
150,1,7,2024-04-26 19:14:41,90,267.22222222222223,"[94.00000000000004, -293.47916666666663]","[94.00000000000001, 167.47916666666666]","[86, 163]",456.5492630600716,60,534,1 2024-04-26 19_14_19
151,1,8,2024-04-26 19:14:44,0,534.4444444444445,"[324.47916666666663, -71.33186266805163]","[324.47916666666663, -63.0]","[334, -63]",12.65172726865325,97,487,1 2024-04-26 19_14_19
152,1,9,2024-04-26 19:14:46,315,267.22222222222223,"[274.13604909950885, -293.47916666666663]","[324.4791666666665, -293.47916666666663]","[320, -293]",45.86645389494491,92,418,1 2024-04-26 19_14_19
153,1,10,2024-04-26 19:14:50,135,534.4444444444445,"[-136.47916666666666, 137.3721814692579]","[-136.47916666666663, 167.47916666666666]","[-131, 161]",24.25479490498304,95,980,1 2024-04-26 19_14_19
154,1,11,2024-04-26 19:14:53,315,267.22222222222223,"[274.13604909950885, -293.47916666666663]","[324.4791666666665, -293.47916666666663]","[320, -297]",45.99889411239985,92,433,1 2024-04-26 19_14_19
155,1,12,2024-04-26 19:14:56,135,534.4444444444445,"[-136.47916666666666, 137.3721814692579]","[-136.47916666666663, 167.47916666666666]","[-129, 164]",27.65824748124708,95,655,1 2024-04-26 19_14_19
156,1,13,2024-04-26 19:14:58,225,534.4444444444445,"[-114.82905249449112, -293.47916666666663]","[-136.47916666666666, -293.4791666666666]","[-130, -298]",15.830211061217224,97,570,1 2024-04-26 19_14_19
157,1,14,2024-04-26 19:15:01,270,534.4444444444445,"[93.99999999999996, -293.47916666666663]","[93.99999999999996, -293.47916666666663]","[104, -301]",12.512511100006233,97,501,1 2024-04-26 19_14_19
158,1,15,2024-04-26 19:15:03,270,267.22222222222223,"[93.99999999999996, -293.47916666666663]","[93.99999999999996, -293.47916666666663]","[85, -301]",11.72872260852722,98,236,1 2024-04-26 19_14_19
159,1,16,2024-04-26 19:15:07,0,534.4444444444445,"[324.47916666666663, -71.33186266805163]","[324.47916666666663, -63.0]","[320, -81]",10.655318554468057,98,571,1 2024-04-26 19_14_19
160,1,17,2024-04-26 19:15:10,315,267.22222222222223,"[274.13604909950885, -293.47916666666663]","[324.4791666666665, -293.47916666666663]","[325, -287]",51.274955893711095,91,482,1 2024-04-26 19_14_19
161,1,18,2024-04-26 19:15:16,90,534.4444444444445,"[94.00000000000001, 167.47916666666666]","[94.00000000000001, 167.47916666666666]","[92, 166]",2.4875558341025847,99,3827,1 2024-04-26 19_14_19
162,1,19,2024-04-26 19:15:19,270,534.4444444444445,"[93.99999999999996, -293.47916666666663]","[93.99999999999996, -293.47916666666663]","[102, -298]",9.189011591448711,98,714,1 2024-04-26 19_14_19
163,1,20,2024-04-26 19:15:23,135,267.22222222222223,"[-136.47916666666666, 47.05122587703157]","[-136.47916666666663, 167.47916666666666]","[-141, 150]",103.04798895393228,82,739,1 2024-04-26 19_14_19
164,1,21,2024-04-26 19:15:26,0,267.22222222222223,"[324.47916666666663, -96.3274506722065]","[324.47916666666663, -63.0]","[325, -58]",38.3309893218468,93,630,1 2024-04-26 19_14_19
165,1,22,2024-04-26 19:15:29,315,534.4444444444445,"[302.82905249449095, -293.47916666666663]","[324.4791666666665, -293.47916666666663]","[318, -287]",16.496582946457583,97,634,1 2024-04-26 19_14_19
166,1,23,2024-04-26 19:15:32,45,534.4444444444445,"[324.47916666666663, 137.3721814692579]","[324.47916666666663, 167.47916666666666]","[320, 146]",9.721223514928266,98,599,1 2024-04-26 19_14_19
167,1,24,2024-04-26 19:15:35,315,534.4444444444445,"[302.82905249449095, -293.47916666666663]","[324.4791666666665, -293.47916666666663]","[310, -291]",7.587407692214605,98,753,1 2024-04-26 19_14_19
168,1,25,2024-04-26 19:15:38,135,267.22222222222223,"[-136.47916666666666, 47.05122587703157]","[-136.47916666666663, 167.47916666666666]","[-139, 142]",94.98223153910908,84,401,1 2024-04-26 19_14_19
169,1,26,2024-04-26 19:15:40,90,534.4444444444445,"[94.00000000000001, 167.47916666666666]","[94.00000000000001, 167.47916666666666]","[96, 159]",8.711846380711203,98,535,1 2024-04-26 19_14_19
170,1,27,2024-04-26 19:15:44,45,267.22222222222223,"[324.47916666666663, 47.0512258770316]","[324.47916666666663, 167.47916666666666]","[319, 151]",104.09307810334468,82,385,1 2024-04-26 19_14_19
171,1,28,2024-04-26 19:15:46,180,267.22222222222223,"[-136.47916666666666, -96.32745067220647]","[-136.47916666666666, -62.99999999999997]","[-130, -66]",31.0118342728959,94,441,1 2024-04-26 19_14_19
172,1,29,2024-04-26 19:15:49,225,267.22222222222223,"[-86.13604909950897, -293.47916666666663]","[-136.47916666666666, -293.4791666666666]","[-126, -287]",40.38705463500902,93,420,1 2024-04-26 19_14_19
173,1,30,2024-04-26 19:15:52,225,534.4444444444445,"[-114.82905249449112, -293.47916666666663]","[-136.47916666666666, -293.4791666666666]","[-126, -286]",13.443511527819368,97,718,1 2024-04-26 19_14_19
174,1,31,2024-04-26 19:15:56,45,534.4444444444445,"[324.47916666666663, 137.3721814692579]","[324.47916666666663, 167.47916666666666]","[317, 153]",17.325318065120292,97,844,1 2024-04-26 19_14_19
175,1,32,2024-04-26 19:15:59,45,534.4444444444445,"[324.47916666666663, 137.3721814692579]","[324.47916666666663, 167.47916666666666]","[318, 148]",12.44709313120253,97,533,1 2024-04-26 19_14_19
176,1,33,2024-04-26 19:16:02,180,534.4444444444445,"[-136.47916666666666, -71.3318626680516]","[-136.47916666666666, -62.99999999999997]","[-132, -67]",6.231209208703942,98,879,1 2024-04-26 19_14_19
177,1,34,2024-04-26 19:16:05,180,534.4444444444445,"[-136.47916666666666, -71.3318626680516]","[-136.47916666666666, -62.99999999999997]","[-135, -70]",1.9904251290433592,99,551,1 2024-04-26 19_14_19
178,1,35,2024-04-26 19:16:08,0,267.22222222222223,"[324.47916666666663, -96.3274506722065]","[324.47916666666663, -63.0]","[324, -86]",10.338560735484547,98,453,1 2024-04-26 19_14_19
179,1,36,2024-04-26 19:16:14,90,267.22222222222223,"[94.00000000000004, -293.47916666666663]","[94.00000000000001, 167.47916666666666]","[84, 159]",452.589655501936,60,2909,1 2024-04-26 19_14_19
180,1,37,2024-04-26 19:16:18,270,534.4444444444445,"[93.99999999999996, -293.47916666666663]","[93.99999999999996, -293.47916666666663]","[100, -297]",6.956742582639658,98,1562,1 2024-04-26 19_14_19
181,1,38,2024-04-26 19:16:22,0,534.4444444444445,"[324.47916666666663, -71.33186266805163]","[324.47916666666663, -63.0]","[322, -64]",7.739669084933803,98,1616,1 2024-04-26 19_14_19
182,1,39,2024-04-26 19:16:25,315,534.4444444444445,"[302.82905249449095, -293.47916666666663]","[324.4791666666665, -293.47916666666663]","[312, -285]",12.490097898331824,97,837,1 2024-04-26 19_14_19
183,1,40,2024-04-26 19:16:28,180,267.22222222222223,"[-136.47916666666666, -96.32745067220647]","[-136.47916666666666, -62.99999999999997]","[-135, -77]",19.383969756330924,96,701,1 2024-04-26 19_14_19
184,1,41,2024-04-26 19:16:31,180,267.22222222222223,"[-136.47916666666666, -96.32745067220647]","[-136.47916666666666, -62.99999999999997]","[-137, -79]",17.335276581550684,97,1363,1 2024-04-26 19_14_19
185,1,42,2024-04-26 19:16:35,225,267.22222222222223,"[-86.13604909950897, -293.47916666666663]","[-136.47916666666666, -293.4791666666666]","[-116, -291]",29.96667867395468,95,1001,1 2024-04-26 19_14_19
186,1,43,2024-04-26 19:16:38,225,267.22222222222223,"[-86.13604909950897, -293.47916666666663]","[-136.47916666666666, -293.4791666666666]","[-109, -290]",23.12714533777373,96,669,1 2024-04-26 19_14_19
187,1,44,2024-04-26 19:16:41,135,267.22222222222223,"[-136.47916666666666, 47.05122587703157]","[-136.47916666666663, 167.47916666666666]","[-129, 119]",72.3364640539314,87,680,1 2024-04-26 19_14_19
188,1,45,2024-04-26 19:16:45,270,267.22222222222223,"[93.99999999999996, -293.47916666666663]","[93.99999999999996, -293.47916666666663]","[103, -287]",11.089616796555449,98,636,1 2024-04-26 19_14_19
189,1,46,2024-04-26 19:16:48,270,267.22222222222223,"[93.99999999999996, -293.47916666666663]","[93.99999999999996, -293.47916666666663]","[88, -297]",6.956742582639584,98,517,1 2024-04-26 19_14_19
190,1,47,2024-04-26 19:16:51,180,534.4444444444445,"[-136.47916666666666, -71.3318626680516]","[-136.47916666666666, -62.99999999999997]","[-144, -64]",10.503292065392955,98,1295,1 2024-04-26 19_14_19
191,1,48,2024-04-26 19:16:54,135,534.4444444444445,"[-136.47916666666666, 137.3721814692579]","[-136.47916666666663, 167.47916666666666]","[-135, 146]",8.753695598271314,98,870,1 2024-04-26 19_14_19
192,2,1,2024-04-20 10:57:54,45,267.22222222222223,"[324.47916666666663, 47.0512258770316]","[324.47916666666663, 167.47916666666666]","[320, 169]",122.03100607682684,79,530,2 2024-04-20 10_57_51
193,2,2,2024-04-20 10:57:56,0,534.4444444444445,"[324.47916666666663, -71.33186266805163]","[324.47916666666663, -63.0]","[324, -62]",9.34415654566104,98,503,2 2024-04-20 10_57_51
194,2,3,2024-04-20 10:57:59,270,534.4444444444445,"[93.99999999999996, -293.47916666666663]","[93.99999999999996, -293.47916666666663]","[90, -301]",8.518387994672349,98,537,2 2024-04-20 10_57_51
195,2,4,2024-04-20 10:58:01,315,534.4444444444445,"[302.82905249449095, -293.47916666666663]","[324.4791666666665, -293.47916666666663]","[334, -299]",31.65608265540204,94,409,2 2024-04-20 10_57_51
196,2,5,2024-04-20 10:58:04,45,267.22222222222223,"[324.47916666666663, 47.0512258770316]","[324.47916666666663, 167.47916666666666]","[325, 172]",124.94985963254896,79,416,2 2024-04-20 10_57_51
197,2,6,2024-04-20 10:58:09,90,267.22222222222223,"[94.00000000000004, -293.47916666666663]","[94.00000000000001, 167.47916666666666]","[88, 168]",461.5181700294812,60,1312,2 2024-04-20 10_57_51
198,2,7,2024-04-20 10:58:11,180,267.22222222222223,"[-136.47916666666666, -96.32745067220647]","[-136.47916666666666, -62.99999999999997]","[-144, -53]",43.97534440775038,92,341,2 2024-04-20 10_57_51
199,2,8,2024-04-20 10:58:14,90,267.22222222222223,"[94.00000000000004, -293.47916666666663]","[94.00000000000001, 167.47916666666666]","[93, 177]",470.48022941177993,60,614,2 2024-04-20 10_57_51
200,2,9,2024-04-20 10:58:18,45,534.4444444444445,"[324.47916666666663, 137.3721814692579]","[324.47916666666663, 167.47916666666666]","[318, 169]",32.28464814285572,94,923,2 2024-04-20 10_57_51
201,2,10,2024-04-20 10:58:20,315,534.4444444444445,"[302.82905249449095, -293.47916666666663]","[324.4791666666665, -293.47916666666663]","[315, -296]",12.429262402745447,97,751,2 2024-04-20 10_57_51
202,2,11,2024-04-20 10:58:24,270,267.22222222222223,"[93.99999999999996, -293.47916666666663]","[93.99999999999996, -293.47916666666663]","[102, -293]",8.014337196203133,98,450,2 2024-04-20 10_57_51
203,2,12,2024-04-20 10:58:27,0,267.22222222222223,"[324.47916666666663, -96.3274506722065]","[324.47916666666663, -63.0]","[325, -58]",38.3309893218468,93,474,2 2024-04-20 10_57_51
204,2,13,2024-04-20 10:58:30,225,534.4444444444445,"[-114.82905249449112, -293.47916666666663]","[-136.47916666666666, -293.4791666666666]","[-141, -267]",37.22989068876258,93,849,2 2024-04-20 10_57_51
205,2,14,2024-04-20 10:58:33,90,534.4444444444445,"[94.00000000000001, 167.47916666666666]","[94.00000000000001, 167.47916666666666]","[96, 170]",3.217856537268937,99,704,2 2024-04-20 10_57_51
206,2,15,2024-04-20 10:58:36,270,267.22222222222223,"[93.99999999999996, -293.47916666666663]","[93.99999999999996, -293.47916666666663]","[94, -295]",1.5208333333333712,99,521,2 2024-04-20 10_57_51
207,2,16,2024-04-20 10:58:40,135,267.22222222222223,"[-136.47916666666666, 47.05122587703157]","[-136.47916666666663, 167.47916666666666]","[-141, 137]",90.06231120869913,85,573,2 2024-04-20 10_57_51
208,2,17,2024-04-20 10:58:43,315,267.22222222222223,"[274.13604909950885, -293.47916666666663]","[324.4791666666665, -293.47916666666663]","[315, -279]",43.35330149549007,92,472,2 2024-04-20 10_57_51
209,2,18,2024-04-20 10:58:45,135,534.4444444444445,"[-136.47916666666666, 137.3721814692579]","[-136.47916666666663, 167.47916666666666]","[-144, 139]",7.694980649540667,98,878,2 2024-04-20 10_57_51
210,2,19,2024-04-20 10:58:48,180,534.4444444444445,"[-136.47916666666666, -71.3318626680516]","[-136.47916666666666, -62.99999999999997]","[-142, -67]",7.017452163663367,98,417,2 2024-04-20 10_57_51
211,2,20,2024-04-20 10:58:51,135,534.4444444444445,"[-136.47916666666666, 137.3721814692579]","[-136.47916666666663, 167.47916666666666]","[-140, 145]",8.40118342253303,98,683,2 2024-04-20 10_57_51
212,2,21,2024-04-20 10:58:54,0,267.22222222222223,"[324.47916666666663, -96.3274506722065]","[324.47916666666663, -63.0]","[327, -70]",26.447859262933,95,426,2 2024-04-20 10_57_51
213,2,22,2024-04-20 10:58:56,0,534.4444444444445,"[324.47916666666663, -71.33186266805163]","[324.47916666666663, -63.0]","[325, -55]",16.340165408257334,97,301,2 2024-04-20 10_57_51
214,2,23,2024-04-20 10:58:59,0,534.4444444444445,"[324.47916666666663, -71.33186266805163]","[324.47916666666663, -63.0]","[332, -58]",15.306910080991754,97,354,2 2024-04-20 10_57_51
215,2,24,2024-04-20 10:59:02,135,534.4444444444445,"[-136.47916666666666, 137.3721814692579]","[-136.47916666666663, 167.47916666666666]","[-142, 143]",7.883650303597235,98,516,2 2024-04-20 10_57_51
216,2,25,2024-04-20 10:59:06,0,267.22222222222223,"[324.47916666666663, -96.3274506722065]","[324.47916666666663, -63.0]","[320, -61]",35.610275273086,94,1285,2 2024-04-20 10_57_51
217,2,26,2024-04-20 10:59:08,90,534.4444444444445,"[94.00000000000001, 167.47916666666666]","[94.00000000000001, 167.47916666666666]","[100, 169]",6.189744261904335,98,587,2 2024-04-20 10_57_51
218,2,27,2024-04-20 10:59:11,225,534.4444444444445,"[-114.82905249449112, -293.47916666666663]","[-136.47916666666666, -293.4791666666666]","[-142, -271]",35.264334991247104,94,668,2 2024-04-20 10_57_51
219,2,28,2024-04-20 10:59:13,135,267.22222222222223,"[-136.47916666666666, 47.05122587703157]","[-136.47916666666663, 167.47916666666666]","[-145, 145]",98.31870093164746,83,358,2 2024-04-20 10_57_51
220,2,29,2024-04-20 10:59:16,315,534.4444444444445,"[302.82905249449095, -293.47916666666663]","[324.4791666666665, -293.47916666666663]","[327, -266]",36.59698490324738,93,586,2 2024-04-20 10_57_51
221,2,30,2024-04-20 10:59:19,315,267.22222222222223,"[274.13604909950885, -293.47916666666663]","[324.4791666666665, -293.47916666666663]","[322, -296]",47.93028683931562,92,450,2 2024-04-20 10_57_51
222,2,31,2024-04-20 10:59:22,225,267.22222222222223,"[-86.13604909950897, -293.47916666666663]","[-136.47916666666666, -293.4791666666666]","[-142, -260]",65.12784052083191,89,404,2 2024-04-20 10_57_51
223,2,32,2024-04-20 10:59:24,45,534.4444444444445,"[324.47916666666663, 137.3721814692579]","[324.47916666666663, 167.47916666666666]","[329, 152]",15.310486896114709,97,1010,2 2024-04-20 10_57_51
224,2,33,2024-04-20 10:59:28,225,267.22222222222223,"[-86.13604909950897, -293.47916666666663]","[-136.47916666666666, -293.4791666666666]","[-139, -265]",60.04715013085386,90,1098,2 2024-04-20 10_57_51
225,2,34,2024-04-20 10:59:31,225,267.22222222222223,"[-86.13604909950897, -293.47916666666663]","[-136.47916666666666, -293.4791666666666]","[-137, -255]",63.7792111002376,89,651,2 2024-04-20 10_57_51
226,2,35,2024-04-20 10:59:34,180,267.22222222222223,"[-136.47916666666666, -96.32745067220647]","[-136.47916666666666, -62.99999999999997]","[-134, -62]",34.416858325737394,94,189,2 2024-04-20 10_57_51
227,2,36,2024-04-20 10:59:37,315,267.22222222222223,"[274.13604909950885, -293.47916666666663]","[324.4791666666665, -293.47916666666663]","[329, -268]",60.491660933051584,89,325,2 2024-04-20 10_57_51
228,2,37,2024-04-20 10:59:40,45,534.4444444444445,"[324.47916666666663, 137.3721814692579]","[324.47916666666663, 167.47916666666666]","[319, 165]",28.16589469782076,95,619,2 2024-04-20 10_57_51
229,2,38,2024-04-20 10:59:43,90,267.22222222222223,"[94.00000000000004, -293.47916666666663]","[94.00000000000001, 167.47916666666666]","[98, 176]",469.4962065171856,60,453,2 2024-04-20 10_57_51
230,2,39,2024-04-20 10:59:45,90,534.4444444444445,"[94.00000000000001, 167.47916666666666]","[94.00000000000001, 167.47916666666666]","[93, 170]",2.7119367054642924,99,605,2 2024-04-20 10_57_51
231,2,40,2024-04-20 10:59:48,270,267.22222222222223,"[93.99999999999996, -293.47916666666663]","[93.99999999999996, -293.47916666666663]","[98, -297]",5.3288148176786665,99,190,2 2024-04-20 10_57_51
232,2,41,2024-04-20 10:59:50,135,267.22222222222223,"[-136.47916666666666, 47.05122587703157]","[-136.47916666666663, 167.47916666666666]","[-144, 144]",97.2400521286066,83,255,2 2024-04-20 10_57_51
233,2,42,2024-04-20 10:59:53,180,267.22222222222223,"[-136.47916666666666, -96.32745067220647]","[-136.47916666666666, -62.99999999999997]","[-144, -53]",43.97534440775038,92,122,2 2024-04-20 10_57_51
234,2,43,2024-04-20 10:59:56,270,534.4444444444445,"[93.99999999999996, -293.47916666666663]","[93.99999999999996, -293.47916666666663]","[99, -292]",5.21420502356573,99,387,2 2024-04-20 10_57_51
235,2,44,2024-04-20 10:59:59,270,534.4444444444445,"[93.99999999999996, -293.47916666666663]","[93.99999999999996, -293.47916666666663]","[93, -294]",1.1275049273112137,99,816,2 2024-04-20 10_57_51
236,2,45,2024-04-20 11:00:02,225,534.4444444444445,"[-114.82905249449112, -293.47916666666663]","[-136.47916666666666, -293.4791666666666]","[-141, -252]",49.045282756828,91,520,2 2024-04-20 10_57_51
237,2,46,2024-04-20 11:00:05,45,267.22222222222223,"[324.47916666666663, 47.0512258770316]","[324.47916666666663, 167.47916666666666]","[317, 174]",127.1689002286024,78,652,2 2024-04-20 10_57_51
238,2,47,2024-04-20 11:00:08,180,534.4444444444445,"[-136.47916666666666, -71.3318626680516]","[-136.47916666666666, -62.99999999999997]","[-135, -63]",8.462143318749078,98,423,2 2024-04-20 10_57_51
239,2,48,2024-04-20 11:00:10,180,534.4444444444445,"[-136.47916666666666, -71.3318626680516]","[-136.47916666666666, -62.99999999999997]","[-129, -66]",9.18513437782703,98,463,2 2024-04-20 10_57_51
240,2,1,2024-04-20 14:31:14,270,534.4444444444445,"[93.99999999999996, -293.47916666666663]","[93.99999999999996, -293.47916666666663]","[94, -294]",0.5208333333333712,99,1003,2 2024-04-20 14_31_11
241,2,2,2024-04-20 14:31:17,0,267.22222222222223,"[324.47916666666663, -96.3274506722065]","[324.47916666666663, -63.0]","[325, -69]",27.332413497585435,95,957,2 2024-04-20 14_31_11
242,2,3,2024-04-20 14:31:21,0,534.4444444444445,"[324.47916666666663, -71.33186266805163]","[324.47916666666663, -63.0]","[329, -68]",5.615981024410092,99,1205,2 2024-04-20 14_31_11
243,2,4,2024-04-20 14:31:25,225,534.4444444444445,"[-114.82905249449112, -293.47916666666663]","[-136.47916666666666, -293.4791666666666]","[-137, -283]",24.522721042327404,95,1528,2 2024-04-20 14_31_11
244,2,5,2024-04-20 14:31:29,90,534.4444444444445,"[94.00000000000001, 167.47916666666666]","[94.00000000000001, 167.47916666666666]","[92, 169]",2.512555278551671,99,2942,2 2024-04-20 14_31_11
245,2,6,2024-04-20 14:31:34,90,267.22222222222223,"[94.00000000000004, -293.47916666666663]","[94.00000000000001, 167.47916666666666]","[98, 161]",454.49676889283575,60,1556,2 2024-04-20 14_31_11
246,2,7,2024-04-20 14:31:38,135,267.22222222222223,"[-136.47916666666666, 47.05122587703157]","[-136.47916666666663, 167.47916666666666]","[-127, 150]",103.38425747722144,82,2192,2 2024-04-20 14_31_11
247,2,8,2024-04-20 14:31:42,315,534.4444444444445,"[302.82905249449095, -293.47916666666663]","[324.4791666666665, -293.47916666666663]","[325, -272]",30.869167691832583,94,2007,2 2024-04-20 14_31_11
248,2,9,2024-04-20 14:31:48,315,267.22222222222223,"[274.13604909950885, -293.47916666666663]","[324.4791666666665, -293.47916666666663]","[307, -296]",32.96048952130926,94,3423,2 2024-04-20 14_31_11
249,2,10,2024-04-20 14:31:53,90,534.4444444444445,"[94.00000000000001, 167.47916666666666]","[94.00000000000001, 167.47916666666666]","[93, 160]",7.545722896302094,98,2269,2 2024-04-20 14_31_11
250,2,11,2024-04-20 14:31:57,270,534.4444444444445,"[93.99999999999996, -293.47916666666663]","[93.99999999999996, -293.47916666666663]","[103, -287]",11.089616796555449,98,1333,2 2024-04-20 14_31_11
251,2,12,2024-04-20 14:32:01,225,534.4444444444445,"[-114.82905249449112, -293.47916666666663]","[-136.47916666666666, -293.4791666666666]","[-142, -272]",34.63545855105085,94,1842,2 2024-04-20 14_31_11
252,2,13,2024-04-20 14:32:06,270,267.22222222222223,"[93.99999999999996, -293.47916666666663]","[93.99999999999996, -293.47916666666663]","[95, -293]",1.1088736151809608,99,2599,2 2024-04-20 14_31_11
253,2,14,2024-04-20 14:32:11,0,267.22222222222223,"[324.47916666666663, -96.3274506722065]","[324.47916666666663, -63.0]","[325, -109]",12.68324776334795,97,2151,2 2024-04-20 14_31_11
254,2,15,2024-04-20 14:32:16,135,267.22222222222223,"[-136.47916666666666, 47.05122587703157]","[-136.47916666666663, 167.47916666666666]","[-136, 47]",0.4818970688042093,99,3316,2 2024-04-20 14_31_11
255,2,16,2024-04-20 14:32:20,270,267.22222222222223,"[93.99999999999996, -293.47916666666663]","[93.99999999999996, -293.47916666666663]","[93, -295]",1.8201467050152325,99,1679,2 2024-04-20 14_31_11
256,2,17,2024-04-20 14:32:25,45,267.22222222222223,"[324.47916666666663, 47.0512258770316]","[324.47916666666663, 167.47916666666666]","[325, 92]",44.95179153847759,92,1843,2 2024-04-20 14_31_11
257,2,18,2024-04-20 14:32:28,135,534.4444444444445,"[-136.47916666666666, 137.3721814692579]","[-136.47916666666663, 167.47916666666666]","[-131, 135]",5.970637510701982,99,1766,2 2024-04-20 14_31_11
258,2,19,2024-04-20 14:32:32,0,534.4444444444445,"[324.47916666666663, -71.33186266805163]","[324.47916666666663, -63.0]","[320, -63]",9.459538548314598,98,1478,2 2024-04-20 14_31_11
259,2,20,2024-04-20 14:32:40,90,267.22222222222223,"[94.00000000000004, -293.47916666666663]","[94.00000000000001, 167.47916666666666]","[92, 162]",455.4835576256964,60,4811,2 2024-04-20 14_31_11
260,2,21,2024-04-20 14:32:43,225,267.22222222222223,"[-86.13604909950897, -293.47916666666663]","[-136.47916666666666, -293.4791666666666]","[-92, -293]",5.883495632514229,99,1231,2 2024-04-20 14_31_11
261,2,22,2024-04-20 14:32:48,315,267.22222222222223,"[274.13604909950885, -293.47916666666663]","[324.4791666666665, -293.47916666666663]","[292, -291]",18.035160357930543,97,1877,2 2024-04-20 14_31_11
262,2,23,2024-04-20 14:32:53,45,267.22222222222223,"[324.47916666666663, 47.0512258770316]","[324.47916666666663, 167.47916666666666]","[320, 51]",5.971243681344977,99,2927,2 2024-04-20 14_31_11
263,2,24,2024-04-20 14:32:58,135,267.22222222222223,"[-136.47916666666666, 47.05122587703157]","[-136.47916666666663, 167.47916666666666]","[-139, 32]",15.260865017942766,97,1835,2 2024-04-20 14_31_11
264,2,25,2024-04-20 14:33:02,45,267.22222222222223,"[324.47916666666663, 47.0512258770316]","[324.47916666666663, 167.47916666666666]","[325, 30]",17.059178505152676,97,1604,2 2024-04-20 14_31_11
265,2,26,2024-04-20 14:33:06,180,267.22222222222223,"[-136.47916666666666, -96.32745067220647]","[-136.47916666666666, -62.99999999999997]","[-130, -64]",32.97034527660253,94,1739,2 2024-04-20 14_31_11
266,2,27,2024-04-20 14:33:11,180,267.22222222222223,"[-136.47916666666666, -96.32745067220647]","[-136.47916666666666, -62.99999999999997]","[-134, -67]",29.432051071779124,95,2153,2 2024-04-20 14_31_11
267,2,28,2024-04-20 14:33:15,225,267.22222222222223,"[-86.13604909950897, -293.47916666666663]","[-136.47916666666666, -293.4791666666666]","[-91, -290]",5.980185536990614,99,1664,2 2024-04-20 14_31_11
268,2,29,2024-04-20 14:33:19,315,534.4444444444445,"[302.82905249449095, -293.47916666666663]","[324.4791666666665, -293.47916666666663]","[305, -285]",8.752672759379642,98,1988,2 2024-04-20 14_31_11
269,2,30,2024-04-20 14:33:24,315,534.4444444444445,"[302.82905249449095, -293.47916666666663]","[324.4791666666665, -293.47916666666663]","[303, -291]",2.485053401991734,99,1788,2 2024-04-20 14_31_11
270,2,31,2024-04-20 14:33:31,90,267.22222222222223,"[94.00000000000004, -293.47916666666663]","[94.00000000000001, 167.47916666666666]","[180, -285]",86.41699061736125,85,5505,2 2024-04-20 14_31_11
271,2,32,2024-04-20 14:33:37,90,534.4444444444445,"[94.00000000000001, 167.47916666666666]","[94.00000000000001, 167.47916666666666]","[97, 160]",8.058407660808527,98,3219,2 2024-04-20 14_31_11
272,2,33,2024-04-20 14:33:40,180,534.4444444444445,"[-136.47916666666666, -71.3318626680516]","[-136.47916666666666, -62.99999999999997]","[-139, -65]",6.815209867752423,98,1216,2 2024-04-20 14_31_11
273,2,34,2024-04-20 14:33:44,180,267.22222222222223,"[-136.47916666666666, -96.32745067220647]","[-136.47916666666666, -62.99999999999997]","[-131, -104]",9.428111186687184,98,1145,2 2024-04-20 14_31_11
274,2,35,2024-04-20 14:33:48,45,534.4444444444445,"[324.47916666666663, 137.3721814692579]","[324.47916666666663, 167.47916666666666]","[323, 117]",20.42580994340622,96,1558,2 2024-04-20 14_31_11
275,2,36,2024-04-20 14:33:51,180,534.4444444444445,"[-136.47916666666666, -71.3318626680516]","[-136.47916666666666, -62.99999999999997]","[-144, -68]",8.225827792175924,98,1328,2 2024-04-20 14_31_11
276,2,37,2024-04-20 14:33:55,315,267.22222222222223,"[274.13604909950885, -293.47916666666663]","[324.4791666666665, -293.47916666666663]","[231, -288]",43.48264020590688,92,1143,2 2024-04-20 14_31_11
277,2,38,2024-04-20 14:33:58,270,267.22222222222223,"[93.99999999999996, -293.47916666666663]","[93.99999999999996, -293.47916666666663]","[105, -288]",12.289071053627756,97,822,2 2024-04-20 14_31_11
278,2,39,2024-04-20 14:34:01,225,267.22222222222223,"[-86.13604909950897, -293.47916666666663]","[-136.47916666666666, -293.4791666666666]","[-81, -294]",5.162389728960611,99,948,2 2024-04-20 14_31_11
279,2,40,2024-04-20 14:34:05,180,534.4444444444445,"[-136.47916666666666, -71.3318626680516]","[-136.47916666666666, -62.99999999999997]","[-134, -64]",7.7396690849337855,98,994,2 2024-04-20 14_31_11
280,2,41,2024-04-20 14:34:08,225,534.4444444444445,"[-114.82905249449112, -293.47916666666663]","[-136.47916666666666, -293.4791666666666]","[-115, -293]",0.5087472300505584,99,1096,2 2024-04-20 14_31_11
281,2,42,2024-04-20 14:34:11,270,534.4444444444445,"[93.99999999999996, -293.47916666666663]","[93.99999999999996, -293.47916666666663]","[87, -290]",7.816943180965535,98,911,2 2024-04-20 14_31_11
282,2,43,2024-04-20 14:34:14,0,534.4444444444445,"[324.47916666666663, -71.33186266805163]","[324.47916666666663, -63.0]","[323, -69]",2.761433962714032,99,928,2 2024-04-20 14_31_11
283,2,44,2024-04-20 14:34:18,0,267.22222222222223,"[324.47916666666663, -96.3274506722065]","[324.47916666666663, -63.0]","[324, -113]",16.679433497039163,97,1039,2 2024-04-20 14_31_11
284,2,45,2024-04-20 14:34:22,45,534.4444444444445,"[324.47916666666663, 137.3721814692579]","[324.47916666666663, 167.47916666666666]","[315, 82]",56.17769202591783,90,1440,2 2024-04-20 14_31_11
285,2,46,2024-04-20 14:34:26,45,534.4444444444445,"[324.47916666666663, 137.3721814692579]","[324.47916666666663, 167.47916666666666]","[320, 129]",9.495070119907632,98,1509,2 2024-04-20 14_31_11
286,2,47,2024-04-20 14:34:29,135,534.4444444444445,"[-136.47916666666666, 137.3721814692579]","[-136.47916666666663, 167.47916666666666]","[-139, 119]",18.54431591172313,96,1464,2 2024-04-20 14_31_11
287,2,48,2024-04-20 14:34:32,135,534.4444444444445,"[-136.47916666666666, 137.3721814692579]","[-136.47916666666663, 167.47916666666666]","[-144, 136]",7.644986331730926,98,1252,2 2024-04-20 14_31_11
288,2,1,2024-04-20 17:57:54,135,534.4444444444445,"[-136.47916666666666, 137.3721814692579]","[-136.47916666666663, 167.47916666666666]","[-139, 161]",23.761910891511324,96,1388,2 2024-04-20 17_57_50
289,2,2,2024-04-20 17:57:57,180,267.22222222222223,"[-136.47916666666666, -96.32745067220647]","[-136.47916666666666, -62.99999999999997]","[-141, -70]",26.712779580665927,95,822,2 2024-04-20 17_57_50
290,2,3,2024-04-20 17:58:02,135,267.22222222222223,"[-136.47916666666666, 47.05122587703157]","[-136.47916666666663, 167.47916666666666]","[-140, 153]",106.00725921143749,82,2026,2 2024-04-20 17_57_50
291,2,4,2024-04-20 17:58:05,225,267.22222222222223,"[-86.13604909950897, -293.47916666666663]","[-136.47916666666666, -293.4791666666666]","[-134, -301]",48.45122010674648,91,915,2 2024-04-20 17_57_50
292,2,5,2024-04-20 17:58:09,315,534.4444444444445,"[302.82905249449095, -293.47916666666663]","[324.4791666666665, -293.47916666666663]","[319, -288]",17.073980513841523,97,1068,2 2024-04-20 17_57_50
293,2,6,2024-04-20 17:58:12,45,267.22222222222223,"[324.47916666666663, 47.0512258770316]","[324.47916666666663, 167.47916666666666]","[315, 169]",122.31663055688384,79,517,2 2024-04-20 17_57_50
294,2,7,2024-04-20 17:58:16,315,534.4444444444445,"[302.82905249449095, -293.47916666666663]","[324.4791666666665, -293.47916666666663]","[315, -296]",12.429262402745447,97,1451,2 2024-04-20 17_57_50
295,2,8,2024-04-20 17:58:19,180,534.4444444444445,"[-136.47916666666666, -71.3318626680516]","[-136.47916666666666, -62.99999999999997]","[-142, -66]",7.675178187208872,98,850,2 2024-04-20 17_57_50
296,2,9,2024-04-20 17:58:21,0,534.4444444444445,"[324.47916666666663, -71.33186266805163]","[324.47916666666663, -63.0]","[330, -70]",5.679212873364976,99,966,2 2024-04-20 17_57_50
297,2,10,2024-04-20 17:58:25,225,267.22222222222223,"[-86.13604909950897, -293.47916666666663]","[-136.47916666666666, -293.4791666666666]","[-145, -297]",58.9691528087061,90,735,2 2024-04-20 17_57_50
298,2,11,2024-04-20 17:58:29,135,267.22222222222223,"[-136.47916666666666, 47.05122587703157]","[-136.47916666666663, 167.47916666666666]","[-131, 171]",124.06981854563888,79,912,2 2024-04-20 17_57_50
299,2,12,2024-04-20 17:58:32,135,534.4444444444445,"[-136.47916666666666, 137.3721814692579]","[-136.47916666666663, 167.47916666666666]","[-144, 163]",26.708575714036613,95,1547,2 2024-04-20 17_57_50
300,2,13,2024-04-20 17:58:36,315,267.22222222222223,"[274.13604909950885, -293.47916666666663]","[324.4791666666665, -293.47916666666663]","[317, -296]",42.938012151171606,92,1146,2 2024-04-20 17_57_50
301,2,14,2024-04-20 17:58:40,0,267.22222222222223,"[324.47916666666663, -96.3274506722065]","[324.47916666666663, -63.0]","[333, -68]",29.58122820777963,95,1029,2 2024-04-20 17_57_50
302,2,15,2024-04-20 17:58:43,270,534.4444444444445,"[93.99999999999996, -293.47916666666663]","[93.99999999999996, -293.47916666666663]","[100, -295]",6.189744261904397,98,1079,2 2024-04-20 17_57_50
303,2,16,2024-04-20 17:58:46,45,534.4444444444445,"[324.47916666666663, 137.3721814692579]","[324.47916666666663, 167.47916666666666]","[320, 166]",28.976109605274456,95,1298,2 2024-04-20 17_57_50
304,2,17,2024-04-20 17:58:50,135,267.22222222222223,"[-136.47916666666666, 47.05122587703157]","[-136.47916666666663, 167.47916666666666]","[-141, 167]",120.03393831592246,80,1315,2 2024-04-20 17_57_50
305,2,18,2024-04-20 17:58:53,90,267.22222222222223,"[94.00000000000004, -293.47916666666663]","[94.00000000000001, 167.47916666666666]","[89, 163]",456.50654935136953,60,729,2 2024-04-20 17_57_50
306,2,19,2024-04-20 17:58:57,0,267.22222222222223,"[324.47916666666663, -96.3274506722065]","[324.47916666666663, -63.0]","[328, -64]",32.51861519691538,94,1190,2 2024-04-20 17_57_50
307,2,20,2024-04-20 17:59:00,270,267.22222222222223,"[93.99999999999996, -293.47916666666663]","[93.99999999999996, -293.47916666666663]","[93, -302]",8.579312367226468,98,1045,2 2024-04-20 17_57_50
308,2,21,2024-04-20 17:59:04,315,267.22222222222223,"[274.13604909950885, -293.47916666666663]","[324.4791666666665, -293.47916666666663]","[330, -294]",55.866378776269336,90,1128,2 2024-04-20 17_57_50
309,2,22,2024-04-20 17:59:08,90,534.4444444444445,"[94.00000000000001, 167.47916666666666]","[94.00000000000001, 167.47916666666666]","[98, 167]",4.028597857126512,99,1374,2 2024-04-20 17_57_50
310,2,23,2024-04-20 17:59:11,45,534.4444444444445,"[324.47916666666663, 137.3721814692579]","[324.47916666666663, 167.47916666666666]","[322, 167]",29.73136219973273,95,1490,2 2024-04-20 17_57_50
311,2,24,2024-04-20 17:59:15,135,534.4444444444445,"[-136.47916666666666, 137.3721814692579]","[-136.47916666666663, 167.47916666666666]","[-129, 160]",23.831829671428363,96,1228,2 2024-04-20 17_57_50
312,2,25,2024-04-20 17:59:18,315,534.4444444444445,"[302.82905249449095, -293.47916666666663]","[324.4791666666665, -293.47916666666663]","[318, -291]",15.37217992270524,97,853,2 2024-04-20 17_57_50
313,2,26,2024-04-20 17:59:21,45,267.22222222222223,"[324.47916666666663, 47.0512258770316]","[324.47916666666663, 167.47916666666666]","[325, 162]",114.94995406582083,80,721,2 2024-04-20 17_57_50
314,2,27,2024-04-20 17:59:24,90,534.4444444444445,"[94.00000000000001, 167.47916666666666]","[94.00000000000001, 167.47916666666666]","[101, 167]",7.016380882937032,98,1039,2 2024-04-20 17_57_50
315,2,28,2024-04-20 17:59:28,90,267.22222222222223,"[94.00000000000004, -293.47916666666663]","[94.00000000000001, 167.47916666666666]","[88, 164]",457.5185110288192,60,829,2 2024-04-20 17_57_50
316,2,29,2024-04-20 17:59:31,0,534.4444444444445,"[324.47916666666663, -71.33186266805163]","[324.47916666666663, -63.0]","[330, -69]",5.993094709505075,99,1043,2 2024-04-20 17_57_50
317,2,30,2024-04-20 17:59:34,270,267.22222222222223,"[93.99999999999996, -293.47916666666663]","[93.99999999999996, -293.47916666666663]","[90, -299]",6.817594934758483,98,749,2 2024-04-20 17_57_50
318,2,31,2024-04-20 17:59:37,225,534.4444444444445,"[-114.82905249449112, -293.47916666666663]","[-136.47916666666666, -293.4791666666666]","[-134, -296]",19.33597240775394,96,1066,2 2024-04-20 17_57_50
319,2,32,2024-04-20 17:59:40,45,534.4444444444445,"[324.47916666666663, 137.3721814692579]","[324.47916666666663, 167.47916666666666]","[320, 166]",28.976109605274456,95,1000,2 2024-04-20 17_57_50
320,2,33,2024-04-20 17:59:43,90,267.22222222222223,"[94.00000000000004, -293.47916666666663]","[94.00000000000001, 167.47916666666666]","[96, 172]",465.48346329455615,60,497,2 2024-04-20 17_57_50
321,2,34,2024-04-20 17:59:46,315,267.22222222222223,"[274.13604909950885, -293.47916666666663]","[324.4791666666665, -293.47916666666663]","[334, -290]",59.96496658975855,90,584,2 2024-04-20 17_57_50
322,2,35,2024-04-20 17:59:49,0,267.22222222222223,"[324.47916666666663, -96.3274506722065]","[324.47916666666663, -63.0]","[318, -70]",27.11299060583156,95,463,2 2024-04-20 17_57_50
323,2,36,2024-04-20 17:59:52,45,267.22222222222223,"[324.47916666666663, 47.0512258770316]","[324.47916666666663, 167.47916666666666]","[319, 162]",115.0792854502248,80,664,2 2024-04-20 17_57_50
324,2,37,2024-04-20 17:59:55,90,534.4444444444445,"[94.00000000000001, 167.47916666666666]","[94.00000000000001, 167.47916666666666]","[98, 169]",4.279361404202465,99,770,2 2024-04-20 17_57_50
325,2,38,2024-04-20 17:59:58,225,267.22222222222223,"[-86.13604909950897, -293.47916666666663]","[-136.47916666666666, -293.4791666666666]","[-129, -295]",42.890922359253175,92,470,2 2024-04-20 17_57_50
326,2,39,2024-04-20 18:00:01,0,534.4444444444445,"[324.47916666666663, -71.33186266805163]","[324.47916666666663, -63.0]","[327, -69]",3.4339749849259955,99,498,2 2024-04-20 17_57_50
327,2,40,2024-04-20 18:00:04,180,534.4444444444445,"[-136.47916666666666, -71.3318626680516]","[-136.47916666666666, -62.99999999999997]","[-135, -68]",3.645441381579694,99,691,2 2024-04-20 17_57_50
328,2,41,2024-04-20 18:00:06,270,534.4444444444445,"[93.99999999999996, -293.47916666666663]","[93.99999999999996, -293.47916666666663]","[89, -296]",5.599517898394844,99,745,2 2024-04-20 17_57_50
329,2,42,2024-04-20 18:00:09,180,534.4444444444445,"[-136.47916666666666, -71.3318626680516]","[-136.47916666666666, -62.99999999999997]","[-135, -58]",13.413668261425196,97,609,2 2024-04-20 17_57_50
330,2,43,2024-04-20 18:00:12,270,267.22222222222223,"[93.99999999999996, -293.47916666666663]","[93.99999999999996, -293.47916666666663]","[85, -286]",11.702048283432111,98,266,2 2024-04-20 17_57_50
331,2,44,2024-04-20 18:00:14,180,267.22222222222223,"[-136.47916666666666, -96.32745067220647]","[-136.47916666666666, -62.99999999999997]","[-127, -65]",32.730165998875925,94,387,2 2024-04-20 17_57_50
332,2,45,2024-04-20 18:00:17,180,267.22222222222223,"[-136.47916666666666, -96.32745067220647]","[-136.47916666666666, -62.99999999999997]","[-127, -65]",32.730165998875925,94,1014,2 2024-04-20 17_57_50
333,2,46,2024-04-20 18:00:20,225,534.4444444444445,"[-114.82905249449112, -293.47916666666663]","[-136.47916666666666, -293.4791666666666]","[-134, -293]",19.176934816425213,96,747,2 2024-04-20 17_57_50
334,2,47,2024-04-20 18:00:23,225,534.4444444444445,"[-114.82905249449112, -293.47916666666663]","[-136.47916666666666, -293.4791666666666]","[-126, -292]",11.268451632705032,98,1566,2 2024-04-20 17_57_50
335,2,48,2024-04-20 18:00:26,270,534.4444444444445,"[93.99999999999996, -293.47916666666663]","[93.99999999999996, -293.47916666666663]","[91, -293]",3.038025788969565,99,399,2 2024-04-20 17_57_50
336,3,1,2024-04-20 13:19:27,180,267.22222222222223,"[-136.47916666666666, -96.32745067220647]","[-136.47916666666666, -62.99999999999997]","[-134, -71]",25.448497498166034,95,636,3 2024-04-20 13_19_24
337,3,2,2024-04-20 13:19:29,90,534.4444444444445,"[94.00000000000001, 167.47916666666666]","[94.00000000000001, 167.47916666666666]","[90, 172]",6.036384184905561,98,786,3 2024-04-20 13_19_24
338,3,3,2024-04-20 13:19:32,45,267.22222222222223,"[324.47916666666663, 47.0512258770316]","[324.47916666666663, 167.47916666666666]","[318, 160]",113.13445618632628,81,586,3 2024-04-20 13_19_24
339,3,4,2024-04-20 13:19:34,0,534.4444444444445,"[324.47916666666663, -71.33186266805163]","[324.47916666666663, -63.0]","[315, -67]",10.422074403366304,98,586,3 2024-04-20 13_19_24
340,3,5,2024-04-20 13:19:37,0,267.22222222222223,"[324.47916666666663, -96.3274506722065]","[324.47916666666663, -63.0]","[317, -67]",30.26610805766877,94,538,3 2024-04-20 13_19_24
341,3,6,2024-04-20 13:19:42,135,267.22222222222223,"[-136.47916666666666, 47.05122587703157]","[-136.47916666666663, 167.47916666666666]","[-110, 166]",121.86040018282426,79,2101,3 2024-04-20 13_19_24
342,3,7,2024-04-20 13:19:45,45,267.22222222222223,"[324.47916666666663, 47.0512258770316]","[324.47916666666663, 167.47916666666666]","[317, 124]",77.31139484613759,87,957,3 2024-04-20 13_19_24
343,3,8,2024-04-20 13:19:48,225,534.4444444444445,"[-114.82905249449112, -293.47916666666663]","[-136.47916666666666, -293.4791666666666]","[-103, -287]",13.487256341149248,97,1002,3 2024-04-20 13_19_24
344,3,9,2024-04-20 13:19:51,225,267.22222222222223,"[-86.13604909950897, -293.47916666666663]","[-136.47916666666666, -293.4791666666666]","[-111, -289]",25.264183905477857,95,602,3 2024-04-20 13_19_24
345,3,10,2024-04-20 13:19:55,270,534.4444444444445,"[93.99999999999996, -293.47916666666663]","[93.99999999999996, -293.47916666666663]","[92, -290]",4.013053786637305,99,1921,3 2024-04-20 13_19_24
346,3,11,2024-04-20 13:19:58,180,534.4444444444445,"[-136.47916666666666, -71.3318626680516]","[-136.47916666666666, -62.99999999999997]","[-129, -63]",11.196332861568983,98,489,3 2024-04-20 13_19_24
347,3,12,2024-04-20 13:20:02,135,534.4444444444445,"[-136.47916666666666, 137.3721814692579]","[-136.47916666666663, 167.47916666666666]","[-102, 162]",42.371480734226665,92,2329,3 2024-04-20 13_19_24
348,3,13,2024-04-20 13:20:05,270,267.22222222222223,"[93.99999999999996, -293.47916666666663]","[93.99999999999996, -293.47916666666663]","[91, -290]",4.5939743898332654,99,403,3 2024-04-20 13_19_24
349,3,14,2024-04-20 13:20:08,180,534.4444444444445,"[-136.47916666666666, -71.3318626680516]","[-136.47916666666666, -62.99999999999997]","[-142, -61]",11.71439229691079,98,850,3 2024-04-20 13_19_24
350,3,15,2024-04-20 13:20:11,0,267.22222222222223,"[324.47916666666663, -96.3274506722065]","[324.47916666666663, -63.0]","[325, -67]",29.332075110564823,95,671,3 2024-04-20 13_19_24
351,3,16,2024-04-20 13:20:14,90,534.4444444444445,"[94.00000000000001, 167.47916666666666]","[94.00000000000001, 167.47916666666666]","[94, 166]",1.4791666666666572,99,653,3 2024-04-20 13_19_24
352,3,17,2024-04-20 13:20:18,225,534.4444444444445,"[-114.82905249449112, -293.47916666666663]","[-136.47916666666666, -293.4791666666666]","[-91, -292]",23.87491731531213,96,1688,3 2024-04-20 13_19_24
353,3,18,2024-04-20 13:20:21,180,267.22222222222223,"[-136.47916666666666, -96.32745067220647]","[-136.47916666666666, -62.99999999999997]","[-135, -59]",37.3567464819112,93,615,3 2024-04-20 13_19_24
354,3,19,2024-04-20 13:20:24,270,267.22222222222223,"[93.99999999999996, -293.47916666666663]","[93.99999999999996, -293.47916666666663]","[90, -284]",10.288566503378563,98,354,3 2024-04-20 13_19_24
355,3,20,2024-04-20 13:20:27,135,534.4444444444445,"[-136.47916666666666, 137.3721814692579]","[-136.47916666666663, 167.47916666666666]","[-104, 160]",39.58427009332503,93,1561,3 2024-04-20 13_19_24
356,3,21,2024-04-20 13:20:31,90,267.22222222222223,"[94.00000000000004, -293.47916666666663]","[94.00000000000001, 167.47916666666666]","[90, 166]",459.4965773547115,60,439,3 2024-04-20 13_19_24
357,3,22,2024-04-20 13:20:35,45,534.4444444444445,"[324.47916666666663, 137.3721814692579]","[324.47916666666663, 167.47916666666666]","[315, 133]",10.438897043968096,98,1753,3 2024-04-20 13_19_24
358,3,23,2024-04-20 13:20:39,315,534.4444444444445,"[302.82905249449095, -293.47916666666663]","[324.4791666666665, -293.47916666666663]","[298, -290]",5.951835741096478,99,1877,3 2024-04-20 13_19_24
359,3,24,2024-04-20 13:20:42,315,534.4444444444445,"[302.82905249449095, -293.47916666666663]","[324.4791666666665, -293.47916666666663]","[287, -291]",16.02202141536645,97,1210,3 2024-04-20 13_19_24
360,3,25,2024-04-20 13:20:46,45,267.22222222222223,"[324.47916666666663, 47.0512258770316]","[324.47916666666663, 167.47916666666666]","[325, 129]",81.95042920948252,86,950,3 2024-04-20 13_19_24
361,3,26,2024-04-20 13:20:49,180,534.4444444444445,"[-136.47916666666666, -71.3318626680516]","[-136.47916666666666, -62.99999999999997]","[-135, -62]",9.448364667134353,98,744,3 2024-04-20 13_19_24
362,3,27,2024-04-20 13:20:52,225,534.4444444444445,"[-114.82905249449112, -293.47916666666663]","[-136.47916666666666, -293.4791666666666]","[-107, -289]",9.019811361069316,98,679,3 2024-04-20 13_19_24
363,3,28,2024-04-20 13:20:56,45,534.4444444444445,"[324.47916666666663, 137.3721814692579]","[324.47916666666663, 167.47916666666666]","[325, 126]",11.384102016884944,98,1117,3 2024-04-20 13_19_24
364,3,29,2024-04-20 13:20:59,90,534.4444444444445,"[94.00000000000001, 167.47916666666666]","[94.00000000000001, 167.47916666666666]","[95, 161]",6.555882907316473,98,569,3 2024-04-20 13_19_24
365,3,30,2024-04-20 13:21:02,315,534.4444444444445,"[302.82905249449095, -293.47916666666663]","[324.4791666666665, -293.47916666666663]","[299, -285]",9.303650378570651,98,901,3 2024-04-20 13_19_24
366,3,31,2024-04-20 13:21:07,315,267.22222222222223,"[274.13604909950885, -293.47916666666663]","[324.4791666666665, -293.47916666666663]","[274, -290]",3.481825677991554,99,2683,3 2024-04-20 13_19_24
367,3,32,2024-04-20 13:21:11,315,267.22222222222223,"[274.13604909950885, -293.47916666666663]","[324.4791666666665, -293.47916666666663]","[279, -294]",4.89175691582276,99,1461,3 2024-04-20 13_19_24
368,3,33,2024-04-20 13:21:14,225,267.22222222222223,"[-86.13604909950897, -293.47916666666663]","[-136.47916666666666, -293.4791666666666]","[-81, -287]",8.267926042666977,98,651,3 2024-04-20 13_19_24
369,3,34,2024-04-20 13:21:18,135,267.22222222222223,"[-136.47916666666666, 47.05122587703157]","[-136.47916666666663, 167.47916666666666]","[-109, 165]",121.10746433562826,79,814,3 2024-04-20 13_19_24
370,3,35,2024-04-20 13:21:22,135,534.4444444444445,"[-136.47916666666666, 137.3721814692579]","[-136.47916666666663, 167.47916666666666]","[-124, 167]",32.14867386977306,94,1756,3 2024-04-20 13_19_24
371,3,36,2024-04-20 13:21:25,0,534.4444444444445,"[324.47916666666663, -71.33186266805163]","[324.47916666666663, -63.0]","[320, -75]",5.789487500099708,99,781,3 2024-04-20 13_19_24
372,3,37,2024-04-20 13:21:28,270,267.22222222222223,"[93.99999999999996, -293.47916666666663]","[93.99999999999996, -293.47916666666663]","[84, -292]",10.108804777409484,98,318,3 2024-04-20 13_19_24
373,3,38,2024-04-20 13:21:32,135,267.22222222222223,"[-136.47916666666666, 47.05122587703157]","[-136.47916666666663, 167.47916666666666]","[-109, 168]",124.03108708119623,79,682,3 2024-04-20 13_19_24
374,3,39,2024-04-20 13:21:35,225,267.22222222222223,"[-86.13604909950897, -293.47916666666663]","[-136.47916666666666, -293.4791666666666]","[-105, -285]",20.681994849076982,96,1619,3 2024-04-20 13_19_24
375,3,40,2024-04-20 13:21:38,90,267.22222222222223,"[94.00000000000004, -293.47916666666663]","[94.00000000000001, 167.47916666666666]","[95, 165]",458.4802572274635,60,483,3 2024-04-20 13_19_24
376,3,41,2024-04-20 13:21:41,0,534.4444444444445,"[324.47916666666663, -71.33186266805163]","[324.47916666666663, -63.0]","[325, -73]",1.7475552979379467,99,698,3 2024-04-20 13_19_24
377,3,42,2024-04-20 13:21:44,90,267.22222222222223,"[94.00000000000004, -293.47916666666663]","[94.00000000000001, 167.47916666666666]","[92, 165]",458.4835288942898,60,616,3 2024-04-20 13_19_24
378,3,43,2024-04-20 13:21:48,180,267.22222222222223,"[-136.47916666666666, -96.32745067220647]","[-136.47916666666666, -62.99999999999997]","[-129, -62]",35.13277392521897,94,1229,3 2024-04-20 13_19_24
379,3,44,2024-04-20 13:21:50,270,534.4444444444445,"[93.99999999999996, -293.47916666666663]","[93.99999999999996, -293.47916666666663]","[90, -286]",8.48162331324475,98,645,3 2024-04-20 13_19_24
380,3,45,2024-04-20 13:21:54,315,267.22222222222223,"[274.13604909950885, -293.47916666666663]","[324.4791666666665, -293.47916666666663]","[293, -284]",21.1116850173212,96,1036,3 2024-04-20 13_19_24
381,3,46,2024-04-20 13:21:57,0,267.22222222222223,"[324.47916666666663, -96.3274506722065]","[324.47916666666663, -63.0]","[318, -68]",29.058975588976573,95,520,3 2024-04-20 13_19_24
382,3,47,2024-04-20 13:22:00,45,534.4444444444445,"[324.47916666666663, 137.3721814692579]","[324.47916666666663, 167.47916666666666]","[310, 168]",33.877862023940935,94,1465,3 2024-04-20 13_19_24
383,3,48,2024-04-20 13:22:04,270,534.4444444444445,"[93.99999999999996, -293.47916666666663]","[93.99999999999996, -293.47916666666663]","[93, -291]",2.673250336409001,99,1090,3 2024-04-20 13_19_24
384,3,1,2024-04-20 15:24:30,45,534.4444444444445,"[324.47916666666663, 137.3721814692579]","[324.47916666666663, 167.47916666666666]","[320, 80]",57.54676481409912,90,798,3 2024-04-20 15_24_26
385,3,2,2024-04-20 15:24:33,135,267.22222222222223,"[-136.47916666666666, 47.05122587703157]","[-136.47916666666663, 167.47916666666666]","[-131, 70]",23.593802175743875,96,764,3 2024-04-20 15_24_26
386,3,3,2024-04-20 15:24:36,180,534.4444444444445,"[-136.47916666666666, -71.3318626680516]","[-136.47916666666666, -62.99999999999997]","[-141, -123]",51.86554105936675,91,765,3 2024-04-20 15_24_26
387,3,4,2024-04-20 15:24:39,90,267.22222222222223,"[94.00000000000004, -293.47916666666663]","[94.00000000000001, 167.47916666666666]","[85, 170]",463.5665409992699,60,549,3 2024-04-20 15_24_26
388,3,5,2024-04-20 15:24:42,135,534.4444444444445,"[-136.47916666666666, 137.3721814692579]","[-136.47916666666663, 167.47916666666666]","[-142, 79]",58.63268005280348,90,813,3 2024-04-20 15_24_26
389,3,6,2024-04-20 15:24:45,270,267.22222222222223,"[93.99999999999996, -293.47916666666663]","[93.99999999999996, -293.47916666666663]","[93, -294]",1.1275049273112137,99,740,3 2024-04-20 15_24_26
390,3,7,2024-04-20 15:24:48,45,534.4444444444445,"[324.47916666666663, 137.3721814692579]","[324.47916666666663, 167.47916666666666]","[332, 87]",50.93053700874974,91,632,3 2024-04-20 15_24_26
391,3,8,2024-04-20 15:24:51,90,267.22222222222223,"[94.00000000000004, -293.47916666666663]","[94.00000000000001, 167.47916666666666]","[96, 169]",462.48349116557057,60,929,3 2024-04-20 15_24_26
392,3,9,2024-04-20 15:24:56,90,267.22222222222223,"[94.00000000000004, -293.47916666666663]","[94.00000000000001, 167.47916666666666]","[94, -299]",5.520833333333371,99,2421,3 2024-04-20 15_24_26
393,3,10,2024-04-20 15:24:59,135,267.22222222222223,"[-136.47916666666666, 47.05122587703157]","[-136.47916666666663, 167.47916666666666]","[-136, 67]",19.95452805013587,96,917,3 2024-04-20 15_24_26
394,3,11,2024-04-20 15:25:02,225,267.22222222222223,"[-86.13604909950897, -293.47916666666663]","[-136.47916666666666, -293.4791666666666]","[-88, -296]",3.13510983123175,99,865,3 2024-04-20 15_24_26
395,3,12,2024-04-20 15:25:05,270,534.4444444444445,"[93.99999999999996, -293.47916666666663]","[93.99999999999996, -293.47916666666663]","[96, -290]",4.013053786637348,99,665,3 2024-04-20 15_24_26
396,3,13,2024-04-20 15:25:08,225,267.22222222222223,"[-86.13604909950897, -293.47916666666663]","[-136.47916666666666, -293.4791666666666]","[-95, -291]",9.204123691445414,98,989,3 2024-04-20 15_24_26
397,3,14,2024-04-20 15:25:12,270,267.22222222222223,"[93.99999999999996, -293.47916666666663]","[93.99999999999996, -293.47916666666663]","[99, -292]",5.21420502356573,99,612,3 2024-04-20 15_24_26
398,3,15,2024-04-20 15:25:14,270,267.22222222222223,"[93.99999999999996, -293.47916666666663]","[93.99999999999996, -293.47916666666663]","[93, -296]",2.7119367054642978,99,620,3 2024-04-20 15_24_26
399,3,16,2024-04-20 15:25:17,180,534.4444444444445,"[-136.47916666666666, -71.3318626680516]","[-136.47916666666666, -62.99999999999997]","[-139, -93]",21.81427917971668,96,1129,3 2024-04-20 15_24_26
400,3,17,2024-04-20 15:25:21,225,267.22222222222223,"[-86.13604909950897, -293.47916666666663]","[-136.47916666666666, -293.4791666666666]","[-81, -296]",5.721328608549896,99,826,3 2024-04-20 15_24_26
401,3,18,2024-04-20 15:25:24,180,267.22222222222223,"[-136.47916666666666, -96.32745067220647]","[-136.47916666666666, -62.99999999999997]","[-134, -117]",20.820676335584487,96,711,3 2024-04-20 15_24_26
402,3,19,2024-04-20 15:25:27,180,534.4444444444445,"[-136.47916666666666, -71.3318626680516]","[-136.47916666666666, -62.99999999999997]","[-132, -82]",11.570310633733602,98,796,3 2024-04-20 15_24_26
403,3,20,2024-04-20 15:25:30,0,534.4444444444445,"[324.47916666666663, -71.33186266805163]","[324.47916666666663, -63.0]","[320, -82]",11.570310633733564,98,663,3 2024-04-20 15_24_26
404,3,21,2024-04-20 15:25:34,45,267.22222222222223,"[324.47916666666663, 47.0512258770316]","[324.47916666666663, 167.47916666666666]","[327, 50]",3.879416131679186,99,864,3 2024-04-20 15_24_26
405,3,22,2024-04-20 15:25:37,90,534.4444444444445,"[94.00000000000001, 167.47916666666666]","[94.00000000000001, 167.47916666666666]","[86, 167]",8.014337196203106,98,963,3 2024-04-20 15_24_26
406,3,23,2024-04-20 15:25:40,45,534.4444444444445,"[324.47916666666663, 137.3721814692579]","[324.47916666666663, 167.47916666666666]","[327, 113]",24.502200518828563,95,1045,3 2024-04-20 15_24_26
407,3,24,2024-04-20 15:25:43,135,267.22222222222223,"[-136.47916666666666, 47.05122587703157]","[-136.47916666666663, 167.47916666666666]","[-139, 65]",18.124930157431937,96,986,3 2024-04-20 15_24_26
408,3,25,2024-04-20 15:25:47,315,267.22222222222223,"[274.13604909950885, -293.47916666666663]","[324.4791666666665, -293.47916666666663]","[255, -302]",20.94738589498123,96,869,3 2024-04-20 15_24_26
409,3,26,2024-04-20 15:25:49,315,267.22222222222223,"[274.13604909950885, -293.47916666666663]","[324.4791666666665, -293.47916666666663]","[237, -298]",37.41021353519531,93,714,3 2024-04-20 15_24_26
410,3,27,2024-04-20 15:25:53,135,534.4444444444445,"[-136.47916666666666, 137.3721814692579]","[-136.47916666666663, 167.47916666666666]","[-139, 108]",29.480156800082685,95,1245,3 2024-04-20 15_24_26
411,3,28,2024-04-20 15:25:56,225,534.4444444444445,"[-114.82905249449112, -293.47916666666663]","[-136.47916666666666, -293.4791666666666]","[-102, -289]",13.588506979583384,97,916,3 2024-04-20 15_24_26
412,3,29,2024-04-20 15:25:58,315,534.4444444444445,"[302.82905249449095, -293.47916666666663]","[324.4791666666665, -293.47916666666663]","[303, -294]",0.5481700564158138,99,717,3 2024-04-20 15_24_26
413,3,30,2024-04-20 15:26:01,315,267.22222222222223,"[274.13604909950885, -293.47916666666663]","[324.4791666666665, -293.47916666666663]","[252, -298]",22.59297686812529,96,751,3 2024-04-20 15_24_26
414,3,31,2024-04-20 15:26:04,0,267.22222222222223,"[324.47916666666663, -96.3274506722065]","[324.47916666666663, -63.0]","[325, -119]",22.678530825041133,96,630,3 2024-04-20 15_24_26
415,3,32,2024-04-20 15:26:07,90,534.4444444444445,"[94.00000000000001, 167.47916666666666]","[94.00000000000001, 167.47916666666666]","[84, 169]",10.114985616785528,98,785,3 2024-04-20 15_24_26
416,3,33,2024-04-20 15:26:10,135,534.4444444444445,"[-136.47916666666666, 137.3721814692579]","[-136.47916666666663, 167.47916666666666]","[-136, 134]",3.40605469070166,99,832,3 2024-04-20 15_24_26
417,3,34,2024-04-20 15:26:13,90,534.4444444444445,"[94.00000000000001, 167.47916666666666]","[94.00000000000001, 167.47916666666666]","[88, 167]",6.019102980880507,98,730,3 2024-04-20 15_24_26
418,3,35,2024-04-20 15:26:16,225,534.4444444444445,"[-114.82905249449112, -293.47916666666663]","[-136.47916666666666, -293.4791666666666]","[-106, -289]",9.90025767231628,98,716,3 2024-04-20 15_24_26
419,3,36,2024-04-20 15:26:19,315,534.4444444444445,"[302.82905249449095, -293.47916666666663]","[324.4791666666665, -293.47916666666663]","[307, -291]",4.852120202017162,99,532,3 2024-04-20 15_24_26
420,3,37,2024-04-20 15:26:22,270,534.4444444444445,"[93.99999999999996, -293.47916666666663]","[93.99999999999996, -293.47916666666663]","[102, -293]",8.014337196203133,98,550,3 2024-04-20 15_24_26
421,3,38,2024-04-20 15:26:25,45,267.22222222222223,"[324.47916666666663, 47.0512258770316]","[324.47916666666663, 167.47916666666666]","[318, 65]",19.08240271065948,96,654,3 2024-04-20 15_24_26
422,3,39,2024-04-20 15:26:29,0,267.22222222222223,"[324.47916666666663, -96.3274506722065]","[324.47916666666663, -63.0]","[327, -128]",31.77270812530713,94,717,3 2024-04-20 15_24_26
423,3,40,2024-04-20 15:26:31,0,267.22222222222223,"[324.47916666666663, -96.3274506722065]","[324.47916666666663, -63.0]","[320, -101]",6.4726850107541125,98,469,3 2024-04-20 15_24_26
424,3,41,2024-04-20 15:26:34,225,534.4444444444445,"[-114.82905249449112, -293.47916666666663]","[-136.47916666666666, -293.4791666666666]","[-108, -288]",8.755411203000468,98,696,3 2024-04-20 15_24_26
425,3,42,2024-04-20 15:26:37,45,267.22222222222223,"[324.47916666666663, 47.0512258770316]","[324.47916666666663, 167.47916666666666]","[315, 50]",9.927228692980322,98,636,3 2024-04-20 15_24_26
426,3,43,2024-04-20 15:26:40,0,534.4444444444445,"[324.47916666666663, -71.33186266805163]","[324.47916666666663, -63.0]","[320, -69]",5.04980371206944,99,623,3 2024-04-20 15_24_26
427,3,44,2024-04-20 15:26:44,180,267.22222222222223,"[-136.47916666666666, -96.32745067220647]","[-136.47916666666666, -62.99999999999997]","[-141, -83]",14.073339171919168,97,530,3 2024-04-20 15_24_26
428,3,45,2024-04-20 15:26:47,180,267.22222222222223,"[-136.47916666666666, -96.32745067220647]","[-136.47916666666666, -62.99999999999997]","[-142, -99]",6.133687357856953,98,527,3 2024-04-20 15_24_26
429,3,46,2024-04-20 15:26:50,270,534.4444444444445,"[93.99999999999996, -293.47916666666663]","[93.99999999999996, -293.47916666666663]","[101, -289]",8.310411182834338,98,586,3 2024-04-20 15_24_26
430,3,47,2024-04-20 15:26:53,0,534.4444444444445,"[324.47916666666663, -71.33186266805163]","[324.47916666666663, -63.0]","[324, -83]",11.677971976831063,98,635,3 2024-04-20 15_24_26
431,3,48,2024-04-20 15:26:57,315,534.4444444444445,"[302.82905249449095, -293.47916666666663]","[324.4791666666665, -293.47916666666663]","[293, -286]",12.351040724053824,97,634,3 2024-04-20 15_24_26
432,3,1,2024-04-20 18:54:11,270,534.4444444444445,"[93.99999999999996, -293.47916666666663]","[93.99999999999996, -293.47916666666663]","[92, -296]",3.2178565372689416,99,891,3 2024-04-20 18_54_08
433,3,2,2024-04-20 18:54:14,0,267.22222222222223,"[324.47916666666663, -96.3274506722065]","[324.47916666666663, -63.0]","[327, -65]",31.428709268978512,94,534,3 2024-04-20 18_54_08
434,3,3,2024-04-20 18:54:17,225,267.22222222222223,"[-86.13604909950897, -293.47916666666663]","[-136.47916666666666, -293.4791666666666]","[-109, -297]",23.1334501996822,96,1114,3 2024-04-20 18_54_08
435,3,4,2024-04-20 18:54:21,135,534.4444444444445,"[-136.47916666666666, 137.3721814692579]","[-136.47916666666663, 167.47916666666666]","[-114, 166]",36.3986940405405,93,2052,3 2024-04-20 18_54_08
436,3,5,2024-04-20 18:54:26,315,267.22222222222223,"[274.13604909950885, -293.47916666666663]","[324.4791666666665, -293.47916666666663]","[333, -268]",64.14166079579799,89,1546,3 2024-04-20 18_54_08
437,3,6,2024-04-20 18:54:29,135,267.22222222222223,"[-136.47916666666666, 47.05122587703157]","[-136.47916666666663, 167.47916666666666]","[-88, 162]",124.75355815794458,79,973,3 2024-04-20 18_54_08
438,3,7,2024-04-20 18:54:32,180,534.4444444444445,"[-136.47916666666666, -71.3318626680516]","[-136.47916666666666, -62.99999999999997]","[-146, -63]",12.65172726865321,97,866,3 2024-04-20 18_54_08
439,3,8,2024-04-20 18:54:35,270,267.22222222222223,"[93.99999999999996, -293.47916666666663]","[93.99999999999996, -293.47916666666663]","[97, -286]",8.058407660808522,98,540,3 2024-04-20 18_54_08
440,3,9,2024-04-20 18:54:38,0,534.4444444444445,"[324.47916666666663, -71.33186266805163]","[324.47916666666663, -63.0]","[317, -68]",8.18774956056506,98,829,3 2024-04-20 18_54_08
441,3,10,2024-04-20 18:54:41,45,534.4444444444445,"[324.47916666666663, 137.3721814692579]","[324.47916666666663, 167.47916666666666]","[304, 159]",29.785211124983167,95,1105,3 2024-04-20 18_54_08
442,3,11,2024-04-20 18:54:44,90,534.4444444444445,"[94.00000000000001, 167.47916666666666]","[94.00000000000001, 167.47916666666666]","[96, 168]",2.0667044687402853,99,620,3 2024-04-20 18_54_08
443,3,12,2024-04-20 18:54:47,45,267.22222222222223,"[324.47916666666663, 47.0512258770316]","[324.47916666666663, 167.47916666666666]","[299, 166]",121.64702544404749,79,600,3 2024-04-20 18_54_08
444,3,13,2024-04-20 18:54:52,45,267.22222222222223,"[324.47916666666663, 47.0512258770316]","[324.47916666666663, 167.47916666666666]","[299, 164]",119.69212047120251,80,1630,3 2024-04-20 18_54_08
445,3,14,2024-04-20 18:54:55,135,267.22222222222223,"[-136.47916666666666, 47.05122587703157]","[-136.47916666666663, 167.47916666666666]","[-104, 158]",115.60504637233868,80,1032,3 2024-04-20 18_54_08
446,3,15,2024-04-20 18:55:00,135,534.4444444444445,"[-136.47916666666666, 137.3721814692579]","[-136.47916666666663, 167.47916666666666]","[-109, 162]",36.90032582888135,93,3314,3 2024-04-20 18_54_08
447,3,16,2024-04-20 18:55:03,315,534.4444444444445,"[302.82905249449095, -293.47916666666663]","[324.4791666666665, -293.47916666666663]","[323, -284]",22.28725474266504,96,1279,3 2024-04-20 18_54_08
448,3,17,2024-04-20 18:55:06,180,267.22222222222223,"[-136.47916666666666, -96.32745067220647]","[-136.47916666666666, -62.99999999999997]","[-139, -57]",39.40815876273944,93,256,3 2024-04-20 18_54_08
449,3,18,2024-04-20 18:55:09,270,267.22222222222223,"[93.99999999999996, -293.47916666666663]","[93.99999999999996, -293.47916666666663]","[92, -293]",2.0565993033267898,99,358,3 2024-04-20 18_54_08
450,3,19,2024-04-20 18:55:12,270,534.4444444444445,"[93.99999999999996, -293.47916666666663]","[93.99999999999996, -293.47916666666663]","[92, -289]",4.90539845759519,99,410,3 2024-04-20 18_54_08
451,3,20,2024-04-20 18:55:14,180,534.4444444444445,"[-136.47916666666666, -71.3318626680516]","[-136.47916666666666, -62.99999999999997]","[-136, -67]",4.358283477391478,99,554,3 2024-04-20 18_54_08
452,3,21,2024-04-20 18:55:18,90,267.22222222222223,"[94.00000000000004, -293.47916666666663]","[94.00000000000001, 167.47916666666666]","[84, 165]",458.5882099088038,60,238,3 2024-04-20 18_54_08
453,3,22,2024-04-20 18:55:21,225,267.22222222222223,"[-86.13604909950897, -293.47916666666663]","[-136.47916666666666, -293.4791666666666]","[-114, -288]",28.3975531894226,95,521,3 2024-04-20 18_54_08
454,3,23,2024-04-20 18:55:24,315,267.22222222222223,"[274.13604909950885, -293.47916666666663]","[324.4791666666665, -293.47916666666663]","[319, -285]",45.65819047841023,92,535,3 2024-04-20 18_54_08
455,3,24,2024-04-20 18:55:27,270,534.4444444444445,"[93.99999999999996, -293.47916666666663]","[93.99999999999996, -293.47916666666663]","[90, -290]",5.301377245060366,99,373,3 2024-04-20 18_54_08
456,3,25,2024-04-20 18:55:30,315,534.4444444444445,"[302.82905249449095, -293.47916666666663]","[324.4791666666665, -293.47916666666663]","[320, -280]",21.82955272708821,96,848,3 2024-04-20 18_54_08
457,3,26,2024-04-20 18:55:33,0,534.4444444444445,"[324.47916666666663, -71.33186266805163]","[324.47916666666663, -63.0]","[325, -55]",16.340165408257334,97,586,3 2024-04-20 18_54_08
458,3,27,2024-04-20 18:55:38,225,534.4444444444445,"[-114.82905249449112, -293.47916666666663]","[-136.47916666666666, -293.4791666666666]","[-104, -289]",11.71884430975264,98,2298,3 2024-04-20 18_54_08
459,3,28,2024-04-20 18:55:42,45,534.4444444444445,"[324.47916666666663, 137.3721814692579]","[324.47916666666663, 167.47916666666666]","[306, 168]",35.77069846461644,94,1663,3 2024-04-20 18_54_08
460,3,29,2024-04-20 18:55:45,45,534.4444444444445,"[324.47916666666663, 137.3721814692579]","[324.47916666666663, 167.47916666666666]","[308, 163]",30.468803991499648,94,1063,3 2024-04-20 18_54_08
461,3,30,2024-04-20 18:55:47,90,534.4444444444445,"[94.00000000000001, 167.47916666666666]","[94.00000000000001, 167.47916666666666]","[87, 166]",7.154574342878684,98,435,3 2024-04-20 18_54_08
462,3,31,2024-04-20 18:55:50,90,267.22222222222223,"[94.00000000000004, -293.47916666666663]","[94.00000000000001, 167.47916666666666]","[91, 163]",456.4890246223828,60,255,3 2024-04-20 18_54_08
463,3,32,2024-04-20 18:55:53,225,534.4444444444445,"[-114.82905249449112, -293.47916666666663]","[-136.47916666666666, -293.4791666666666]","[-109, -289]",7.351243909115696,98,1046,3 2024-04-20 18_54_08
464,3,33,2024-04-20 18:55:56,45,267.22222222222223,"[324.47916666666663, 47.0512258770316]","[324.47916666666663, 167.47916666666666]","[304, 168]",122.67029888775008,79,756,3 2024-04-20 18_54_08
465,3,34,2024-04-20 18:55:59,90,267.22222222222223,"[94.00000000000004, -293.47916666666663]","[94.00000000000001, 167.47916666666666]","[102, 162]",455.5494169323028,60,692,3 2024-04-20 18_54_08
466,3,35,2024-04-20 18:56:02,315,267.22222222222223,"[274.13604909950885, -293.47916666666663]","[324.4791666666665, -293.47916666666663]","[318, -283]",45.098327270847584,92,533,3 2024-04-20 18_54_08
467,3,36,2024-04-20 18:56:05,90,534.4444444444445,"[94.00000000000001, 167.47916666666666]","[94.00000000000001, 167.47916666666666]","[92, 158]",9.687858416308751,98,755,3 2024-04-20 18_54_08
468,3,37,2024-04-20 18:56:07,0,267.22222222222223,"[324.47916666666663, -96.3274506722065]","[324.47916666666663, -63.0]","[323, -62]",34.35930447026755,94,422,3 2024-04-20 18_54_08
469,3,38,2024-04-20 18:56:10,135,534.4444444444445,"[-136.47916666666666, 137.3721814692579]","[-136.47916666666663, 167.47916666666666]","[-114, 162]",33.344300556630984,94,733,3 2024-04-20 18_54_08
470,3,39,2024-04-20 18:56:13,225,534.4444444444445,"[-114.82905249449112, -293.47916666666663]","[-136.47916666666666, -293.4791666666666]","[-109, -291]",6.334360294824104,98,749,3 2024-04-20 18_54_08
471,3,40,2024-04-20 18:56:17,180,267.22222222222223,"[-136.47916666666666, -96.32745067220647]","[-136.47916666666666, -62.99999999999997]","[-139, -58]",38.410260031987086,93,1235,3 2024-04-20 18_54_08
472,3,41,2024-04-20 18:56:20,225,267.22222222222223,"[-86.13604909950897, -293.47916666666663]","[-136.47916666666666, -293.4791666666666]","[-103, -286]",18.4480561036102,96,500,3 2024-04-20 18_54_08
473,3,42,2024-04-20 18:56:22,180,534.4444444444445,"[-136.47916666666666, -71.3318626680516]","[-136.47916666666666, -62.99999999999997]","[-135, -58]",13.413668261425196,97,584,3 2024-04-20 18_54_08
474,3,43,2024-04-20 18:56:25,0,267.22222222222223,"[324.47916666666663, -96.3274506722065]","[324.47916666666663, -63.0]","[325, -64]",32.331646019419665,94,339,3 2024-04-20 18_54_08
475,3,44,2024-04-20 18:56:28,135,267.22222222222223,"[-136.47916666666666, 47.05122587703157]","[-136.47916666666663, 167.47916666666666]","[-109, 162]",118.18766971671648,80,705,3 2024-04-20 18_54_08
476,3,45,2024-04-20 18:56:31,315,534.4444444444445,"[302.82905249449095, -293.47916666666663]","[324.4791666666665, -293.47916666666663]","[320, -279]",22.46080376117599,96,452,3 2024-04-20 18_54_08
477,3,46,2024-04-20 18:56:35,180,267.22222222222223,"[-136.47916666666666, -96.32745067220647]","[-136.47916666666666, -62.99999999999997]","[-139, -57]",39.40815876273944,93,1214,3 2024-04-20 18_54_08
478,3,47,2024-04-20 18:56:37,270,267.22222222222223,"[93.99999999999996, -293.47916666666663]","[93.99999999999996, -293.47916666666663]","[92, -289]",4.90539845759519,99,251,3 2024-04-20 18_54_08
479,3,48,2024-04-20 18:56:40,0,534.4444444444445,"[324.47916666666663, -71.33186266805163]","[324.47916666666663, -63.0]","[324, -63]",8.3456297673523,98,484,3 2024-04-20 18_54_08
